-- MySQL dump 10.13  Distrib 5.7.21, for Linux (x86_64)
--
-- Host: localhost    Database: ishtirak
-- ------------------------------------------------------
-- Server version	5.7.21-0ubuntu0.16.04.1

/*!40101 SET @OLD_CHARACTER_SET_CLIENT=@@CHARACTER_SET_CLIENT */;
/*!40101 SET @OLD_CHARACTER_SET_RESULTS=@@CHARACTER_SET_RESULTS */;
/*!40101 SET @OLD_COLLATION_CONNECTION=@@COLLATION_CONNECTION */;
/*!40101 SET NAMES utf8 */;
/*!40103 SET @OLD_TIME_ZONE=@@TIME_ZONE */;
/*!40103 SET TIME_ZONE='+00:00' */;
/*!40014 SET @OLD_UNIQUE_CHECKS=@@UNIQUE_CHECKS, UNIQUE_CHECKS=0 */;
/*!40014 SET @OLD_FOREIGN_KEY_CHECKS=@@FOREIGN_KEY_CHECKS, FOREIGN_KEY_CHECKS=0 */;
/*!40101 SET @OLD_SQL_MODE=@@SQL_MODE, SQL_MODE='NO_AUTO_VALUE_ON_ZERO' */;
/*!40111 SET @OLD_SQL_NOTES=@@SQL_NOTES, SQL_NOTES=0 */;

--
-- Table structure for table `bundle`
--

DROP TABLE IF EXISTS `bundle`;
/*!40101 SET @saved_cs_client     = @@character_set_client */;
/*!40101 SET character_set_client = utf8 */;
CREATE TABLE `bundle` (
  `type` varchar(31) NOT NULL,
  `id` bigint(20) NOT NULL AUTO_INCREMENT,
  `insert_date` datetime DEFAULT NULL,
  `update_date` datetime DEFAULT NULL,
  `user_id` bigint(20) DEFAULT NULL,
  `name` varchar(255) DEFAULT NULL,
  `settelment_fees` int(11) DEFAULT NULL,
  `cost_per_kb` double DEFAULT NULL,
  `subscription_fees` double DEFAULT NULL,
  `monthly_fees` double DEFAULT NULL,
  PRIMARY KEY (`id`)
) ENGINE=MyISAM AUTO_INCREMENT=6 DEFAULT CHARSET=utf8;
/*!40101 SET character_set_client = @saved_cs_client */;

--
-- Dumping data for table `bundle`
--

LOCK TABLES `bundle` WRITE;
/*!40000 ALTER TABLE `bundle` DISABLE KEYS */;
INSERT INTO `bundle` VALUES ('SubscriptionBundle',1,'2018-04-18 20:17:50','2018-04-18 20:17:50',NULL,'عداد',90000,750,15000,NULL),('MonthlyBundle',2,'2018-04-18 20:18:25','2018-04-18 20:18:25',NULL,'5 أمبير',90000,NULL,NULL,75000),('MonthlyBundle',3,'2018-04-18 20:19:15','2018-04-18 20:19:15',NULL,'1 أمبير',90000,NULL,NULL,20000),('MonthlyBundle',4,'2018-04-18 20:19:34','2018-04-18 20:19:34',NULL,'2 أمبير',90000,NULL,NULL,30000),('MonthlyBundle',5,'2018-04-18 20:20:06','2018-04-18 20:20:06',NULL,'10 أمبير',90000,NULL,NULL,120000);
/*!40000 ALTER TABLE `bundle` ENABLE KEYS */;
UNLOCK TABLES;

--
-- Table structure for table `company`
--

DROP TABLE IF EXISTS `company`;
/*!40101 SET @saved_cs_client     = @@character_set_client */;
/*!40101 SET character_set_client = utf8 */;
CREATE TABLE `company` (
  `id` bigint(20) NOT NULL AUTO_INCREMENT,
  `insert_date` datetime DEFAULT NULL,
  `update_date` datetime DEFAULT NULL,
  `user_id` bigint(20) DEFAULT NULL,
  `address` varchar(255) DEFAULT NULL,
  `land_line` varchar(255) DEFAULT NULL,
  `main_mobile_phone` varchar(255) DEFAULT NULL,
  `maitenance_number` varchar(255) DEFAULT NULL,
  `name` varchar(255) DEFAULT NULL,
  `other_phone` varchar(255) DEFAULT NULL,
  PRIMARY KEY (`id`)
) ENGINE=MyISAM AUTO_INCREMENT=2 DEFAULT CHARSET=utf8;
/*!40101 SET character_set_client = @saved_cs_client */;

--
-- Dumping data for table `company`
--

LOCK TABLES `company` WRITE;
/*!40000 ALTER TABLE `company` DISABLE KEYS */;
INSERT INTO `company` VALUES (1,'2018-04-18 09:27:40','2018-04-18 20:20:44',NULL,'السفيرة','','70209527','70209527','اشتراكات الجرد','');
/*!40000 ALTER TABLE `company` ENABLE KEYS */;
UNLOCK TABLES;

--
-- Table structure for table `contract`
--

DROP TABLE IF EXISTS `contract`;
/*!40101 SET @saved_cs_client     = @@character_set_client */;
/*!40101 SET character_set_client = utf8 */;
CREATE TABLE `contract` (
  `id` bigint(20) NOT NULL AUTO_INCREMENT,
  `insert_date` datetime DEFAULT NULL,
  `update_date` datetime DEFAULT NULL,
  `user_id` bigint(20) DEFAULT NULL,
  `is_active` bit(1) DEFAULT NULL,
  `id_village` bigint(20) DEFAULT NULL,
  `address` varchar(255) DEFAULT NULL,
  `region` varchar(255) DEFAULT NULL,
  `bundle_id` bigint(20) DEFAULT NULL,
  `contract_unique_code` varchar(255) DEFAULT NULL,
  `engine_id` bigint(20) DEFAULT NULL,
  `subscriber_id` bigint(20) DEFAULT NULL,
  PRIMARY KEY (`id`)
) ENGINE=MyISAM AUTO_INCREMENT=1083 DEFAULT CHARSET=utf8;
/*!40101 SET character_set_client = @saved_cs_client */;

--
-- Dumping data for table `contract`
--

LOCK TABLES `contract` WRITE;
/*!40000 ALTER TABLE `contract` DISABLE KEYS */;
INSERT INTO `contract` VALUES (1,'2018-04-12 21:52:06',NULL,NULL,'',1,NULL,NULL,1,'MB 1',1,1),(2,'2018-04-12 21:52:06',NULL,NULL,'',1,NULL,NULL,1,'MB 2',1,2),(3,'2018-04-12 21:52:06',NULL,NULL,'',1,NULL,NULL,1,'MB 3',1,3),(4,'2018-04-12 21:52:06',NULL,NULL,'',1,NULL,NULL,1,'MB 4',1,4),(5,'2018-04-12 21:52:06',NULL,NULL,'',1,NULL,NULL,1,'MB 5',1,5),(6,'2018-04-12 21:52:06',NULL,NULL,'',1,NULL,NULL,1,'MB 6',1,6),(7,'2018-04-12 21:52:06',NULL,NULL,'',1,NULL,NULL,1,'MB 7',1,7),(8,'2018-04-12 21:52:06',NULL,NULL,'',1,NULL,NULL,1,'MB 8',1,8),(9,'2018-04-12 21:52:06',NULL,NULL,'',1,NULL,NULL,1,'MB 9',1,9),(10,'2018-04-12 21:52:06',NULL,NULL,'',1,NULL,NULL,1,'MB 10',1,10),(11,'2018-04-12 21:52:06',NULL,NULL,'',1,NULL,NULL,1,'MB 11',1,11),(12,'2018-04-12 21:52:06',NULL,NULL,'',1,NULL,NULL,1,'MB 12',1,12),(13,'2018-04-12 21:52:06',NULL,NULL,'',1,NULL,NULL,1,'MB 13',1,13),(14,'2018-04-12 21:52:06',NULL,NULL,'',1,NULL,NULL,1,'MB 14',1,14),(15,'2018-04-12 21:52:06',NULL,NULL,'',1,NULL,NULL,1,'MB 15',1,15),(16,'2018-04-12 21:52:06',NULL,NULL,'',1,NULL,NULL,1,'MB 16',1,16),(17,'2018-04-12 21:52:06',NULL,NULL,'',1,NULL,NULL,1,'MB 17',1,17),(18,'2018-04-12 21:52:06',NULL,NULL,'',1,NULL,NULL,1,'MB 18',1,18),(19,'2018-04-12 21:52:06',NULL,NULL,'',1,NULL,NULL,1,'MB 19',1,19),(20,'2018-04-12 21:52:06',NULL,NULL,'',1,NULL,NULL,1,'MB 20',1,20),(21,'2018-04-12 21:52:06',NULL,NULL,'',1,NULL,NULL,1,'MB 21',1,21),(22,'2018-04-12 21:52:06',NULL,NULL,'',1,NULL,NULL,1,'MB 22',1,22),(23,'2018-04-12 21:52:06',NULL,NULL,'',1,NULL,NULL,1,'MB 23',1,23),(24,'2018-04-12 21:52:06',NULL,NULL,'',1,NULL,NULL,1,'MB 24',1,24),(25,'2018-04-12 21:52:06',NULL,NULL,'',1,NULL,NULL,1,'MB 25',1,25),(26,'2018-04-12 21:52:06',NULL,NULL,'',1,NULL,NULL,1,'MB 26',1,26),(27,'2018-04-12 21:52:06',NULL,NULL,'',1,NULL,NULL,1,'MB 27',1,27),(28,'2018-04-12 21:52:06',NULL,NULL,'',1,NULL,NULL,1,'MB 28',1,28),(29,'2018-04-12 21:52:06',NULL,NULL,'',1,NULL,NULL,1,'MB 29',1,29),(30,'2018-04-12 21:52:06',NULL,NULL,'',1,NULL,NULL,1,'MB 30',1,30),(31,'2018-04-12 21:52:06',NULL,NULL,'',1,NULL,NULL,1,'MB 31',1,31),(32,'2018-04-12 21:52:06',NULL,NULL,'',1,NULL,NULL,1,'MB 32',1,32),(33,'2018-04-12 21:52:06',NULL,NULL,'',1,NULL,NULL,1,'MB 33',1,33),(34,'2018-04-12 21:52:06',NULL,NULL,'',1,NULL,NULL,1,'MB 34',1,34),(35,'2018-04-12 21:52:06',NULL,NULL,'',1,NULL,NULL,1,'MB 35',1,35),(36,'2018-04-12 21:52:06',NULL,NULL,'',1,NULL,NULL,1,'MB 36',1,36),(37,'2018-04-12 21:52:06',NULL,NULL,'',1,NULL,NULL,1,'MB 37',1,37),(38,'2018-04-12 21:52:06',NULL,NULL,'',1,NULL,NULL,1,'MB 38',1,38),(39,'2018-04-12 21:52:06',NULL,NULL,'',1,NULL,NULL,1,'MB 39',1,39),(40,'2018-04-12 21:52:06',NULL,NULL,'',1,NULL,NULL,1,'MB 40',1,40),(41,'2018-04-12 21:52:06',NULL,NULL,'',1,NULL,NULL,1,'MB 41',1,41),(42,'2018-04-12 21:52:06',NULL,NULL,'',1,NULL,NULL,1,'MB 42',1,42),(43,'2018-04-12 21:52:06',NULL,NULL,'',1,NULL,NULL,1,'MB 43',1,43),(44,'2018-04-12 21:52:06',NULL,NULL,'',1,NULL,NULL,1,'MB 44',1,44),(45,'2018-04-12 21:52:06',NULL,NULL,'',1,NULL,NULL,1,'MB 45',1,45),(46,'2018-04-12 21:52:06',NULL,NULL,'',1,NULL,NULL,1,'MB 46',1,46),(47,'2018-04-12 21:52:06',NULL,NULL,'',1,NULL,NULL,1,'MB 47',1,47),(48,'2018-04-12 21:52:06',NULL,NULL,'',1,NULL,NULL,1,'MB 48',1,48),(49,'2018-04-12 21:52:06',NULL,NULL,'',1,NULL,NULL,1,'MB 49',1,49),(50,'2018-04-12 21:52:06',NULL,NULL,'',1,NULL,NULL,1,'MB 50',1,50),(51,'2018-04-12 21:52:06',NULL,NULL,'',1,NULL,NULL,1,'MB 51',1,51),(52,'2018-04-12 21:52:06',NULL,NULL,'',1,NULL,NULL,1,'MB 52',1,52),(53,'2018-04-12 21:52:06',NULL,NULL,'',1,NULL,NULL,1,'MB 53',1,53),(54,'2018-04-12 21:52:06',NULL,NULL,'',1,NULL,NULL,1,'MB 54',1,54),(55,'2018-04-12 21:52:06',NULL,NULL,'',1,NULL,NULL,1,'MB 55',1,55),(56,'2018-04-12 21:52:06',NULL,NULL,'',1,NULL,NULL,1,'MB 56',1,56),(57,'2018-04-12 21:52:06',NULL,NULL,'',1,NULL,NULL,1,'MB 57',1,57),(58,'2018-04-12 21:52:06',NULL,NULL,'',1,NULL,NULL,1,'MB 58',1,58),(59,'2018-04-12 21:52:06',NULL,NULL,'',1,NULL,NULL,1,'MB 59',1,59),(60,'2018-04-12 21:52:06',NULL,NULL,'',1,NULL,NULL,1,'MB 60',1,60),(61,'2018-04-12 21:52:06',NULL,NULL,'',1,NULL,NULL,1,'MB 61',1,61),(62,'2018-04-12 21:52:06',NULL,NULL,'',1,NULL,NULL,1,'MB 62',1,62),(63,'2018-04-12 21:52:06',NULL,NULL,'',1,NULL,NULL,1,'MB 63',1,63),(64,'2018-04-12 21:52:06',NULL,NULL,'',1,NULL,NULL,1,'MB 64',1,64),(65,'2018-04-12 21:52:06',NULL,NULL,'',1,NULL,NULL,1,'MB 65',1,65),(66,'2018-04-12 21:52:06',NULL,NULL,'',1,NULL,NULL,1,'MB 66',1,66),(67,'2018-04-12 21:52:06',NULL,NULL,'',1,NULL,NULL,1,'MB 67',1,67),(68,'2018-04-12 21:52:06',NULL,NULL,'',1,NULL,NULL,1,'MB 68',1,68),(69,'2018-04-12 21:52:06',NULL,NULL,'',1,NULL,NULL,1,'MB 69',1,69),(70,'2018-04-12 21:52:06',NULL,NULL,'',1,NULL,NULL,1,'MB 70',1,70),(71,'2018-04-12 21:52:06',NULL,NULL,'',1,NULL,NULL,1,'MB 71',1,71),(72,'2018-04-12 21:52:06',NULL,NULL,'',1,NULL,NULL,1,'MB 72',1,72),(73,'2018-04-12 21:52:06',NULL,NULL,'',1,NULL,NULL,1,'MB 73',1,73),(74,'2018-04-12 21:52:06',NULL,NULL,'',1,NULL,NULL,1,'MB 74',1,74),(75,'2018-04-12 21:52:06',NULL,NULL,'',1,NULL,NULL,1,'MB 75',1,75),(76,'2018-04-12 21:52:06',NULL,NULL,'',1,NULL,NULL,1,'MB 76',1,76),(77,'2018-04-12 21:52:06',NULL,NULL,'',1,NULL,NULL,1,'MB 77',1,77),(78,'2018-04-12 21:52:06',NULL,NULL,'',1,NULL,NULL,1,'MB 78',1,78),(79,'2018-04-12 21:52:06',NULL,NULL,'',1,NULL,NULL,1,'MB 79',1,79),(80,'2018-04-12 21:52:06',NULL,NULL,'',1,NULL,NULL,1,'MB 80',1,80),(81,'2018-04-12 21:52:06',NULL,NULL,'',1,NULL,NULL,1,'MB 81',1,81),(82,'2018-04-12 21:52:06',NULL,NULL,'',1,NULL,NULL,1,'MB 82',1,82),(83,'2018-04-12 21:52:06',NULL,NULL,'',1,NULL,NULL,1,'MB 83',1,83),(84,'2018-04-12 21:52:06',NULL,NULL,'',1,NULL,NULL,1,'MB 84',1,84),(85,'2018-04-12 21:52:06',NULL,NULL,'',1,NULL,NULL,1,'MB 85',1,85),(86,'2018-04-12 21:52:06',NULL,NULL,'',1,NULL,NULL,1,'MB 86',1,86),(87,'2018-04-12 21:52:06',NULL,NULL,'',1,NULL,NULL,1,'MB 87',1,87),(88,'2018-04-12 21:52:06',NULL,NULL,'',1,NULL,NULL,1,'MB 88',1,88),(89,'2018-04-12 21:52:06',NULL,NULL,'',1,NULL,NULL,1,'MB 89',1,89),(90,'2018-04-12 21:52:06',NULL,NULL,'',1,NULL,NULL,1,'MB 90',1,90),(91,'2018-04-12 21:52:06',NULL,NULL,'',1,NULL,NULL,1,'MB 91',1,91),(92,'2018-04-12 21:52:06',NULL,NULL,'',1,NULL,NULL,1,'MB 92',1,92),(93,'2018-04-12 21:52:06',NULL,NULL,'',1,NULL,NULL,1,'MB 93',1,93),(94,'2018-04-12 21:52:06',NULL,NULL,'',1,NULL,NULL,1,'MB 94',1,94),(95,'2018-04-12 21:52:06',NULL,NULL,'',1,NULL,NULL,1,'MB 95',1,95),(96,'2018-04-12 21:52:06',NULL,NULL,'',1,NULL,NULL,1,'MB 96',1,96),(97,'2018-04-12 21:52:06',NULL,NULL,'',1,NULL,NULL,1,'MB 97',1,97),(98,'2018-04-12 21:52:06',NULL,NULL,'',1,NULL,NULL,1,'MB 98',1,98),(99,'2018-04-12 21:52:06',NULL,NULL,'',1,NULL,NULL,1,'MB 99',1,99),(100,'2018-04-12 21:52:06',NULL,NULL,'',1,NULL,NULL,1,'MB 100',1,100),(101,'2018-04-12 21:52:06',NULL,NULL,'',1,NULL,NULL,1,'MB 101',1,101),(102,'2018-04-12 21:52:06',NULL,NULL,'',1,NULL,NULL,1,'MB 102',1,102),(103,'2018-04-12 21:52:06',NULL,NULL,'',1,NULL,NULL,1,'MB 103',1,103),(104,'2018-04-12 21:52:06',NULL,NULL,'',1,NULL,NULL,1,'MB 104',1,104),(105,'2018-04-12 21:52:06',NULL,NULL,'',1,NULL,NULL,1,'MB 105',1,105),(106,'2018-04-12 21:52:06',NULL,NULL,'',1,NULL,NULL,1,'MB 106',1,106),(107,'2018-04-12 21:52:06',NULL,NULL,'',1,NULL,NULL,1,'MB 107',1,107),(108,'2018-04-12 21:52:06',NULL,NULL,'',1,NULL,NULL,1,'MB 108',1,108),(109,'2018-04-12 21:52:06',NULL,NULL,'',1,NULL,NULL,1,'MB 109',1,109),(110,'2018-04-12 21:52:06',NULL,NULL,'',1,NULL,NULL,1,'MB 110',1,110),(111,'2018-04-12 21:52:06',NULL,NULL,'',1,NULL,NULL,1,'MB 111',1,111),(112,'2018-04-12 21:52:06',NULL,NULL,'',1,NULL,NULL,1,'MB 112',1,112),(113,'2018-04-12 21:52:06',NULL,NULL,'',1,NULL,NULL,1,'MB 113',1,113),(114,'2018-04-12 21:52:06',NULL,NULL,'',1,NULL,NULL,1,'MB 114',1,114),(115,'2018-04-12 21:52:06',NULL,NULL,'',1,NULL,NULL,1,'MB 115',1,115),(116,'2018-04-12 21:52:06',NULL,NULL,'',1,NULL,NULL,1,'MB 116',1,116),(117,'2018-04-12 21:52:06',NULL,NULL,'',1,NULL,NULL,1,'MB 117',1,117),(118,'2018-04-12 21:52:06',NULL,NULL,'',1,NULL,NULL,1,'MB 118',1,118),(119,'2018-04-12 21:52:06',NULL,NULL,'',1,NULL,NULL,1,'MB 119',1,119),(120,'2018-04-12 21:52:06',NULL,NULL,'',1,NULL,NULL,1,'MB 120',1,120),(121,'2018-04-12 21:52:06',NULL,NULL,'',1,NULL,NULL,1,'MB 121',1,121),(122,'2018-04-12 21:52:06',NULL,NULL,'',1,NULL,NULL,1,'MB 122',1,122),(123,'2018-04-12 21:52:06',NULL,NULL,'',1,NULL,NULL,1,'MB 123',1,123),(124,'2018-04-12 21:52:06',NULL,NULL,'',1,NULL,NULL,1,'MB 124',1,124),(125,'2018-04-12 21:52:06',NULL,NULL,'',1,NULL,NULL,1,'MB 125',1,125),(126,'2018-04-12 21:52:06',NULL,NULL,'',1,NULL,NULL,1,'MB 126',1,126),(127,'2018-04-12 21:52:06',NULL,NULL,'',1,NULL,NULL,1,'MB 127',1,127),(128,'2018-04-12 21:52:06',NULL,NULL,'',1,NULL,NULL,1,'MB 128',1,128),(129,'2018-04-12 21:52:06',NULL,NULL,'',1,NULL,NULL,1,'MB 129',1,129),(130,'2018-04-12 21:52:06',NULL,NULL,'',1,NULL,NULL,1,'MB 130',1,130),(131,'2018-04-12 21:52:06',NULL,NULL,'',1,NULL,NULL,1,'MB 131',1,131),(132,'2018-04-12 21:52:06',NULL,NULL,'',1,NULL,NULL,1,'MB 132',1,132),(133,'2018-04-12 21:52:06',NULL,NULL,'',1,NULL,NULL,1,'MB 133',1,133),(134,'2018-04-12 21:52:06',NULL,NULL,'',1,NULL,NULL,1,'MB 134',1,134),(135,'2018-04-12 21:52:06',NULL,NULL,'',1,NULL,NULL,1,'MB 135',1,135),(136,'2018-04-12 21:52:06',NULL,NULL,'',1,NULL,NULL,1,'MB 136',1,136),(137,'2018-04-12 21:52:06',NULL,NULL,'',1,NULL,NULL,1,'MB 137',1,137),(138,'2018-04-12 21:52:06',NULL,NULL,'',1,NULL,NULL,1,'MB 138',1,138),(139,'2018-04-12 21:52:06',NULL,NULL,'',1,NULL,NULL,1,'MB 139',1,139),(140,'2018-04-12 21:52:06',NULL,NULL,'',1,NULL,NULL,1,'MB 140',1,140),(141,'2018-04-12 21:52:06',NULL,NULL,'',1,NULL,NULL,1,'MB 141',1,141),(142,'2018-04-12 21:52:06',NULL,NULL,'',1,NULL,NULL,1,'MB 142',1,142),(143,'2018-04-12 21:52:06',NULL,NULL,'',1,NULL,NULL,1,'MB 143',1,143),(144,'2018-04-12 21:52:06',NULL,NULL,'',1,NULL,NULL,1,'MB 144',1,144),(145,'2018-04-12 21:52:06',NULL,NULL,'',1,NULL,NULL,1,'MB 145',1,145),(146,'2018-04-12 21:52:06',NULL,NULL,'',1,NULL,NULL,1,'MB 146',1,146),(147,'2018-04-12 21:52:06',NULL,NULL,'',1,NULL,NULL,1,'MB 147',1,147),(148,'2018-04-12 21:52:06',NULL,NULL,'',1,NULL,NULL,1,'MB 148',1,148),(149,'2018-04-12 21:52:06',NULL,NULL,'',1,NULL,NULL,1,'MB 149',1,149),(150,'2018-04-12 21:52:06',NULL,NULL,'',1,NULL,NULL,1,'MB 150',1,150),(151,'2018-04-12 21:52:06',NULL,NULL,'',1,NULL,NULL,1,'MB 151',1,151),(152,'2018-04-12 21:52:06',NULL,NULL,'',1,NULL,NULL,1,'MB 152',1,152),(153,'2018-04-12 21:52:06',NULL,NULL,'',1,NULL,NULL,1,'MB 153',1,153),(154,'2018-04-12 21:52:06',NULL,NULL,'',1,NULL,NULL,1,'MB 154',1,154),(155,'2018-04-12 21:52:06',NULL,NULL,'',1,NULL,NULL,1,'MB 155',1,155),(156,'2018-04-12 21:52:06',NULL,NULL,'',1,NULL,NULL,1,'MB 156',1,156),(157,'2018-04-12 21:52:06',NULL,NULL,'',1,NULL,NULL,1,'MB 157',1,157),(158,'2018-04-12 21:52:06',NULL,NULL,'',1,NULL,NULL,1,'MB 158',1,158),(159,'2018-04-12 21:52:06',NULL,NULL,'',1,NULL,NULL,1,'MB 159',1,159),(160,'2018-04-12 21:52:06',NULL,NULL,'',1,NULL,NULL,1,'MB 160',1,160),(161,'2018-04-12 21:52:06',NULL,NULL,'',1,NULL,NULL,1,'MB 161',1,161),(162,'2018-04-12 21:52:06',NULL,NULL,'',1,NULL,NULL,1,'MB 162',1,162),(163,'2018-04-12 21:52:06',NULL,NULL,'',1,NULL,NULL,1,'MB 163',1,163),(164,'2018-04-12 21:52:06',NULL,NULL,'',1,NULL,NULL,1,'MB 164',1,164),(165,'2018-04-12 21:52:06',NULL,NULL,'',1,NULL,NULL,1,'MB 165',1,165),(166,'2018-04-12 21:52:06',NULL,NULL,'',1,NULL,NULL,1,'MB 166',1,166),(167,'2018-04-12 21:52:06',NULL,NULL,'',1,NULL,NULL,1,'MB 167',1,167),(168,'2018-04-12 21:52:06',NULL,NULL,'',1,NULL,NULL,1,'MB 168',1,168),(169,'2018-04-12 21:52:06',NULL,NULL,'',1,NULL,NULL,1,'MB 169',1,169),(170,'2018-04-12 21:52:06',NULL,NULL,'',1,NULL,NULL,1,'MB 170',1,170),(171,'2018-04-12 21:52:06',NULL,NULL,'',1,NULL,NULL,1,'MB 171',1,171),(172,'2018-04-12 21:52:06',NULL,NULL,'',1,NULL,NULL,1,'MB 172',1,172),(173,'2018-04-12 21:52:06',NULL,NULL,'',1,NULL,NULL,1,'MB 173',1,173),(174,'2018-04-12 21:52:06',NULL,NULL,'',1,NULL,NULL,1,'MB 174',1,174),(175,'2018-04-12 21:52:06',NULL,NULL,'',1,NULL,NULL,1,'MB 175',1,175),(176,'2018-04-12 21:52:06',NULL,NULL,'',1,NULL,NULL,1,'MB 176',1,176),(177,'2018-04-12 21:52:06',NULL,NULL,'',1,NULL,NULL,1,'MB 177',1,177),(178,'2018-04-12 21:52:06',NULL,NULL,'',1,NULL,NULL,1,'MB 178',1,178),(179,'2018-04-12 21:52:06',NULL,NULL,'',1,NULL,NULL,1,'MB 179',1,179),(180,'2018-04-12 21:52:06',NULL,NULL,'',1,NULL,NULL,1,'MB 180',1,180),(181,'2018-04-12 21:52:06',NULL,NULL,'',1,NULL,NULL,1,'MB 181',1,181),(182,'2018-04-12 21:52:06',NULL,NULL,'',1,NULL,NULL,1,'MB 182',1,182),(183,'2018-04-12 21:52:06',NULL,NULL,'',1,NULL,NULL,1,'MB 183',1,183),(184,'2018-04-12 21:52:06',NULL,NULL,'',1,NULL,NULL,1,'MB 184',1,184),(185,'2018-04-12 21:52:06',NULL,NULL,'',1,NULL,NULL,1,'MB 185',1,185),(186,'2018-04-12 21:52:06',NULL,NULL,'',1,NULL,NULL,1,'MB 186',1,186),(187,'2018-04-12 21:52:06',NULL,NULL,'',1,NULL,NULL,1,'MB 187',1,187),(188,'2018-04-12 21:52:06',NULL,NULL,'',1,NULL,NULL,1,'MB 188',1,188),(189,'2018-04-12 21:52:06',NULL,NULL,'',1,NULL,NULL,1,'MB 189',1,189),(190,'2018-04-12 21:52:06',NULL,NULL,'',1,NULL,NULL,1,'MB 190',1,190),(191,'2018-04-12 21:52:06',NULL,NULL,'',1,NULL,NULL,1,'MB 191',1,191),(192,'2018-04-12 21:52:06',NULL,NULL,'',1,NULL,NULL,1,'MB 192',1,192),(193,'2018-04-12 21:52:06',NULL,NULL,'',1,NULL,NULL,1,'MB 193',1,193),(194,'2018-04-12 21:52:06',NULL,NULL,'',1,NULL,NULL,1,'MB 194',1,194),(195,'2018-04-12 21:52:06',NULL,NULL,'',1,NULL,NULL,1,'MB 195',1,195),(196,'2018-04-12 21:52:06',NULL,NULL,'',1,NULL,NULL,1,'MB 196',1,196),(197,'2018-04-12 21:52:06',NULL,NULL,'',1,NULL,NULL,1,'MB 197',1,197),(198,'2018-04-12 21:52:06',NULL,NULL,'',1,NULL,NULL,1,'MB 198',1,198),(199,'2018-04-12 21:52:06',NULL,NULL,'',1,NULL,NULL,1,'MB 199',1,199),(200,'2018-04-12 21:52:06',NULL,NULL,'',1,NULL,NULL,1,'MB 200',1,200),(201,'2018-04-12 21:52:06',NULL,NULL,'',1,NULL,NULL,1,'MB 201',1,201),(202,'2018-04-12 21:52:06',NULL,NULL,'',1,NULL,NULL,1,'MB 202',1,202),(203,'2018-04-12 21:52:06',NULL,NULL,'',1,NULL,NULL,1,'MB 203',1,203),(204,'2018-04-12 21:52:06',NULL,NULL,'',1,NULL,NULL,1,'MB 204',1,204),(205,'2018-04-12 21:52:06',NULL,NULL,'',1,NULL,NULL,1,'MB 205',1,205),(206,'2018-04-12 21:52:06',NULL,NULL,'',1,NULL,NULL,1,'MB 206',1,206),(207,'2018-04-12 21:52:06',NULL,NULL,'',1,NULL,NULL,1,'MB 207',1,207),(208,'2018-04-12 21:52:06',NULL,NULL,'',1,NULL,NULL,1,'MB 208',1,208),(209,'2018-04-12 21:52:06',NULL,NULL,'',1,NULL,NULL,1,'MB 209',1,209),(210,'2018-04-12 21:52:06',NULL,NULL,'',1,NULL,NULL,1,'MB 210',1,210),(211,'2018-04-12 21:52:06',NULL,NULL,'',1,NULL,NULL,1,'MB 211',1,211),(212,'2018-04-12 21:52:06',NULL,NULL,'',1,NULL,NULL,1,'MB 212',1,212),(213,'2018-04-12 21:52:06',NULL,NULL,'',1,NULL,NULL,1,'MB 213',1,213),(214,'2018-04-12 21:52:06',NULL,NULL,'',1,NULL,NULL,1,'MB 214',1,214),(215,'2018-04-12 21:52:06',NULL,NULL,'',1,NULL,NULL,1,'MB 215',1,215),(216,'2018-04-12 21:52:06',NULL,NULL,'',1,NULL,NULL,1,'MB 216',1,216),(217,'2018-04-12 21:52:06',NULL,NULL,'',1,NULL,NULL,1,'MB 217',1,217),(218,'2018-04-12 21:52:06',NULL,NULL,'',1,NULL,NULL,1,'MB 218',1,218),(219,'2018-04-12 21:52:06',NULL,NULL,'',1,NULL,NULL,1,'MB 219',1,219),(220,'2018-04-12 21:52:06',NULL,NULL,'',1,NULL,NULL,1,'MB 220',1,220),(221,'2018-04-12 21:52:06',NULL,NULL,'',1,NULL,NULL,1,'MB 221',1,221),(222,'2018-04-12 21:52:06',NULL,NULL,'',1,NULL,NULL,1,'MB 222',1,222),(223,'2018-04-12 21:52:06',NULL,NULL,'',1,NULL,NULL,1,'MB 223',1,223),(224,'2018-04-12 21:52:06',NULL,NULL,'',1,NULL,NULL,1,'MB 224',1,224),(225,'2018-04-12 21:52:06',NULL,NULL,'',1,NULL,NULL,1,'MB 225',1,225),(226,'2018-04-12 21:52:06',NULL,NULL,'',1,NULL,NULL,1,'MB 226',1,226),(227,'2018-04-12 21:52:06',NULL,NULL,'',1,NULL,NULL,1,'MB 227',1,227),(228,'2018-04-12 21:52:06',NULL,NULL,'',1,NULL,NULL,1,'MB 228',1,228),(229,'2018-04-12 21:52:06',NULL,NULL,'',1,NULL,NULL,1,'MB 229',1,229),(230,'2018-04-12 21:52:06',NULL,NULL,'',1,NULL,NULL,1,'MB 230',1,230),(231,'2018-04-12 21:52:06',NULL,NULL,'',1,NULL,NULL,1,'MB 231',1,231),(232,'2018-04-12 21:52:06',NULL,NULL,'',1,NULL,NULL,1,'MB 232',1,232),(233,'2018-04-12 21:52:06',NULL,NULL,'',1,NULL,NULL,1,'MB 233',1,233),(234,'2018-04-12 21:52:06',NULL,NULL,'',1,NULL,NULL,1,'MB 234',1,234),(235,'2018-04-12 21:52:06',NULL,NULL,'',1,NULL,NULL,1,'MB 235',1,235),(236,'2018-04-12 21:52:06',NULL,NULL,'',1,NULL,NULL,1,'MB 236',1,236),(237,'2018-04-12 21:52:06',NULL,NULL,'',1,NULL,NULL,1,'MB 237',1,237),(238,'2018-04-12 21:52:06',NULL,NULL,'',1,NULL,NULL,1,'MB 238',1,238),(239,'2018-04-12 21:52:06',NULL,NULL,'',1,NULL,NULL,1,'MB 239',1,239),(240,'2018-04-12 21:52:06',NULL,NULL,'',1,NULL,NULL,1,'MB 240',1,240),(241,'2018-04-12 21:52:06',NULL,NULL,'',1,NULL,NULL,1,'MB 241',1,241),(242,'2018-04-12 21:52:06',NULL,NULL,'',1,NULL,NULL,1,'MB 242',1,242),(243,'2018-04-12 21:52:06',NULL,NULL,'',1,NULL,NULL,1,'MB 243',1,243),(244,'2018-04-12 21:52:06',NULL,NULL,'',1,NULL,NULL,1,'MB 244',1,244),(245,'2018-04-12 21:52:06',NULL,NULL,'',1,NULL,NULL,1,'MB 245',1,245),(246,'2018-04-12 21:52:06',NULL,NULL,'',1,NULL,NULL,1,'MB 246',1,246),(247,'2018-04-12 21:52:06',NULL,NULL,'',1,NULL,NULL,1,'MB 247',1,247),(248,'2018-04-12 21:52:06',NULL,NULL,'',1,NULL,NULL,1,'MB 248',1,248),(249,'2018-04-12 21:52:06',NULL,NULL,'',1,NULL,NULL,1,'MB 249',1,249),(250,'2018-04-12 21:52:06',NULL,NULL,'',1,NULL,NULL,1,'MB 250',1,250),(251,'2018-04-12 21:52:06',NULL,NULL,'',1,NULL,NULL,1,'MB 251',1,251),(252,'2018-04-12 21:52:06',NULL,NULL,'',1,NULL,NULL,1,'MB 252',1,252),(253,'2018-04-12 21:52:06',NULL,NULL,'',1,NULL,NULL,1,'MB 253',1,253),(254,'2018-04-12 21:52:06',NULL,NULL,'',1,NULL,NULL,1,'MB 254',1,254),(255,'2018-04-12 21:52:06',NULL,NULL,'',1,NULL,NULL,1,'MB 255',1,255),(256,'2018-04-12 21:52:06',NULL,NULL,'',1,NULL,NULL,1,'MB 256',1,256),(257,'2018-04-12 21:52:06',NULL,NULL,'',1,NULL,NULL,1,'MB 257',1,257),(258,'2018-04-12 21:52:06',NULL,NULL,'',1,NULL,NULL,1,'MB 258',1,258),(259,'2018-04-12 21:52:06',NULL,NULL,'',1,NULL,NULL,1,'MB 259',1,259),(260,'2018-04-12 21:52:06',NULL,NULL,'',1,NULL,NULL,1,'MB 260',1,260),(261,'2018-04-12 21:52:06',NULL,NULL,'',1,NULL,NULL,1,'MB 261',1,261),(262,'2018-04-12 21:52:06',NULL,NULL,'',1,NULL,NULL,1,'MB 262',1,262),(263,'2018-04-12 21:52:06',NULL,NULL,'',1,NULL,NULL,1,'MB 263',1,263),(264,'2018-04-12 21:52:06',NULL,NULL,'',1,NULL,NULL,1,'MB 264',1,264),(265,'2018-04-12 21:52:06',NULL,NULL,'',1,NULL,NULL,1,'MB 265',1,265),(266,'2018-04-12 21:52:06',NULL,NULL,'',1,NULL,NULL,1,'MB 266',1,266),(267,'2018-04-12 21:52:06',NULL,NULL,'',1,NULL,NULL,1,'MB 267',1,267),(268,'2018-04-12 21:52:06',NULL,NULL,'',1,NULL,NULL,1,'MB 268',1,268),(269,'2018-04-12 21:52:06',NULL,NULL,'',1,NULL,NULL,1,'MB 269',1,269),(270,'2018-04-12 21:52:06',NULL,NULL,'',1,NULL,NULL,1,'MB 270',1,270),(271,'2018-04-12 21:52:06',NULL,NULL,'',1,NULL,NULL,1,'MB 271',1,271),(272,'2018-04-12 21:52:06',NULL,NULL,'',1,NULL,NULL,1,'MB 272',1,272),(273,'2018-04-12 21:52:06',NULL,NULL,'',1,NULL,NULL,1,'MB 273',1,273),(274,'2018-04-12 21:52:06',NULL,NULL,'',1,NULL,NULL,1,'MB 274',1,274),(275,'2018-04-12 21:52:06',NULL,NULL,'',1,NULL,NULL,1,'MB 275',1,275),(276,'2018-04-12 21:52:06',NULL,NULL,'',1,NULL,NULL,1,'MB 276',1,276),(277,'2018-04-12 21:52:06',NULL,NULL,'',1,NULL,NULL,1,'MB 277',1,277),(278,'2018-04-12 21:52:06',NULL,NULL,'',1,NULL,NULL,1,'MB 278',1,278),(279,'2018-04-12 21:52:06',NULL,NULL,'',1,NULL,NULL,1,'MB 279',1,279),(280,'2018-04-12 21:52:06',NULL,NULL,'',1,NULL,NULL,1,'MB 280',1,280),(281,'2018-04-12 21:52:06',NULL,NULL,'',1,NULL,NULL,1,'MB 281',1,281),(282,'2018-04-12 21:52:06',NULL,NULL,'',1,NULL,NULL,1,'MB 282',1,282),(283,'2018-04-12 21:52:06',NULL,NULL,'',1,NULL,NULL,1,'MB 283',1,283),(284,'2018-04-12 21:52:06',NULL,NULL,'',1,NULL,NULL,1,'MB 284',1,284),(285,'2018-04-12 21:52:06',NULL,NULL,'',1,NULL,NULL,1,'MB 285',1,285),(286,'2018-04-12 21:52:06',NULL,NULL,'',1,NULL,NULL,1,'MB 286',1,286),(287,'2018-04-12 21:52:06',NULL,NULL,'',1,NULL,NULL,1,'MB 287',1,287),(288,'2018-04-12 21:52:06',NULL,NULL,'',1,NULL,NULL,1,'MB 288',1,288),(289,'2018-04-12 21:52:06',NULL,NULL,'',1,NULL,NULL,1,'MB 289',1,289),(290,'2018-04-12 21:52:06',NULL,NULL,'',1,NULL,NULL,1,'MB 290',1,290),(291,'2018-04-12 21:52:06',NULL,NULL,'',1,NULL,NULL,1,'MB 291',1,291),(292,'2018-04-12 21:52:06',NULL,NULL,'',1,NULL,NULL,1,'MB 292',1,292),(293,'2018-04-12 21:52:06',NULL,NULL,'',1,NULL,NULL,1,'MB 293',1,293),(294,'2018-04-12 21:52:06',NULL,NULL,'',1,NULL,NULL,1,'MB 294',1,294),(295,'2018-04-12 21:52:06',NULL,NULL,'',1,NULL,NULL,1,'MB 295',1,295),(296,'2018-04-12 21:52:06',NULL,NULL,'',1,NULL,NULL,1,'MB 296',1,296),(297,'2018-04-12 21:52:06',NULL,NULL,'',1,NULL,NULL,1,'MB 297',1,297),(298,'2018-04-12 21:52:06',NULL,NULL,'',1,NULL,NULL,1,'MB 298',1,298),(299,'2018-04-12 21:52:06',NULL,NULL,'',1,NULL,NULL,1,'MB 299',1,299),(300,'2018-04-12 21:52:06',NULL,NULL,'',1,NULL,NULL,1,'MB 300',1,300),(301,'2018-04-12 21:52:06',NULL,NULL,'',1,NULL,NULL,1,'MB 301',1,301),(302,'2018-04-12 21:52:06',NULL,NULL,'',1,NULL,NULL,1,'MB 302',1,302),(303,'2018-04-12 21:52:06',NULL,NULL,'',1,NULL,NULL,1,'MB 303',1,303),(304,'2018-04-12 21:52:06',NULL,NULL,'',1,NULL,NULL,1,'MB 304',1,304),(305,'2018-04-12 21:52:06',NULL,NULL,'',1,NULL,NULL,1,'MB 305',1,305),(306,'2018-04-12 21:52:06',NULL,NULL,'',1,NULL,NULL,1,'MB 306',1,306),(307,'2018-04-12 21:52:06',NULL,NULL,'',1,NULL,NULL,1,'MB 307',1,307),(308,'2018-04-12 21:52:06',NULL,NULL,'',2,NULL,NULL,1,'MS 1',2,308),(309,'2018-04-12 21:52:06',NULL,NULL,'',2,NULL,NULL,1,'MS 2',2,309),(310,'2018-04-12 21:52:06',NULL,NULL,'',2,NULL,NULL,1,'MS 3',2,310),(311,'2018-04-12 21:52:06',NULL,NULL,'',2,NULL,NULL,1,'MS 4',2,311),(312,'2018-04-12 21:52:06',NULL,NULL,'',2,NULL,NULL,1,'MS 5',2,312),(313,'2018-04-12 21:52:06',NULL,NULL,'',2,NULL,NULL,1,'MS 6',2,313),(314,'2018-04-12 21:52:06',NULL,NULL,'',2,NULL,NULL,1,'MS 7',2,314),(315,'2018-04-12 21:52:06',NULL,NULL,'',2,NULL,NULL,1,'MS 8',2,315),(316,'2018-04-12 21:52:06',NULL,NULL,'',2,NULL,NULL,1,'MS 9',2,316),(317,'2018-04-12 21:52:06',NULL,NULL,'',2,NULL,NULL,1,'MS 10',2,317),(318,'2018-04-12 21:52:06',NULL,NULL,'',2,NULL,NULL,1,'MS 11',2,318),(319,'2018-04-12 21:52:06',NULL,NULL,'',2,NULL,NULL,1,'MS 12',2,319),(320,'2018-04-12 21:52:06',NULL,NULL,'',2,NULL,NULL,1,'MS 13',2,320),(321,'2018-04-12 21:52:06',NULL,NULL,'',2,NULL,NULL,1,'MS 14',2,321),(322,'2018-04-12 21:52:06',NULL,NULL,'',2,NULL,NULL,1,'MS 15',2,322),(323,'2018-04-12 21:52:06',NULL,NULL,'',2,NULL,NULL,1,'MS 16',2,323),(324,'2018-04-12 21:52:06',NULL,NULL,'',2,NULL,NULL,1,'MS 17',2,324),(325,'2018-04-12 21:52:06',NULL,NULL,'',2,NULL,NULL,1,'MS 18',2,325),(326,'2018-04-12 21:52:06',NULL,NULL,'',2,NULL,NULL,1,'MS 19',2,326),(327,'2018-04-12 21:52:06',NULL,NULL,'',2,NULL,NULL,1,'MS 20',2,327),(328,'2018-04-12 21:52:06',NULL,NULL,'',2,NULL,NULL,1,'MS 21',2,328),(329,'2018-04-12 21:52:06',NULL,NULL,'',2,NULL,NULL,1,'MS 22',2,329),(330,'2018-04-12 21:52:06',NULL,NULL,'',2,NULL,NULL,1,'MS 23',2,330),(331,'2018-04-12 21:52:06',NULL,NULL,'',2,NULL,NULL,1,'MS 24',2,331),(332,'2018-04-12 21:52:06',NULL,NULL,'',2,NULL,NULL,1,'MS 25',2,332),(333,'2018-04-12 21:52:06',NULL,NULL,'',2,NULL,NULL,1,'MS 26',2,333),(334,'2018-04-12 21:52:06',NULL,NULL,'',2,NULL,NULL,1,'MS 27',2,334),(335,'2018-04-12 21:52:06',NULL,NULL,'',2,NULL,NULL,1,'MS 28',2,335),(336,'2018-04-12 21:52:06',NULL,NULL,'',2,NULL,NULL,1,'MS 29',2,336),(337,'2018-04-12 21:52:06',NULL,NULL,'',2,NULL,NULL,1,'MS 30',2,337),(338,'2018-04-12 21:52:06',NULL,NULL,'',2,NULL,NULL,1,'MS 31',2,338),(339,'2018-04-12 21:52:06',NULL,NULL,'',2,NULL,NULL,1,'MS 32',2,339),(340,'2018-04-12 21:52:06',NULL,NULL,'',2,NULL,NULL,1,'MS 33',2,340),(341,'2018-04-12 21:52:06',NULL,NULL,'',2,NULL,NULL,1,'MS 34',2,341),(342,'2018-04-12 21:52:06',NULL,NULL,'',2,NULL,NULL,1,'MS 35',2,342),(343,'2018-04-12 21:52:06',NULL,NULL,'',2,NULL,NULL,1,'MS 36',2,343),(344,'2018-04-12 21:52:06',NULL,NULL,'',2,NULL,NULL,1,'MS 37',2,344),(345,'2018-04-12 21:52:06',NULL,NULL,'',2,NULL,NULL,1,'MS 38',2,345),(346,'2018-04-12 21:52:06',NULL,NULL,'',2,NULL,NULL,1,'MS 39',2,346),(347,'2018-04-12 21:52:06',NULL,NULL,'',2,NULL,NULL,1,'MS 40',2,347),(348,'2018-04-12 21:52:06',NULL,NULL,'',2,NULL,NULL,1,'MS 41',2,348),(349,'2018-04-12 21:52:06',NULL,NULL,'',2,NULL,NULL,1,'MS 42',2,349),(350,'2018-04-12 21:52:06',NULL,NULL,'',2,NULL,NULL,1,'MS 43',2,350),(351,'2018-04-12 21:52:06',NULL,NULL,'',2,NULL,NULL,1,'MS 44',2,351),(352,'2018-04-12 21:52:06',NULL,NULL,'',2,NULL,NULL,1,'MS 45',2,352),(353,'2018-04-12 21:52:06',NULL,NULL,'',2,NULL,NULL,1,'MS 46',2,353),(354,'2018-04-12 21:52:06',NULL,NULL,'',2,NULL,NULL,1,'MS 47',2,354),(355,'2018-04-12 21:52:06',NULL,NULL,'',2,NULL,NULL,1,'MS 48',2,355),(356,'2018-04-12 21:52:06',NULL,NULL,'',2,NULL,NULL,1,'MS 49',2,356),(357,'2018-04-12 21:52:06',NULL,NULL,'',2,NULL,NULL,1,'MS 50',2,357),(358,'2018-04-12 21:52:06',NULL,NULL,'',2,NULL,NULL,1,'MS 51',2,358),(359,'2018-04-12 21:52:06',NULL,NULL,'',2,NULL,NULL,1,'MS 52',2,359),(360,'2018-04-12 21:52:06',NULL,NULL,'',2,NULL,NULL,1,'MS 53',2,360),(361,'2018-04-12 21:52:06',NULL,NULL,'',2,NULL,NULL,1,'MS 54',2,361),(362,'2018-04-12 21:52:06',NULL,NULL,'',2,NULL,NULL,1,'MS 55',2,362),(363,'2018-04-12 21:52:06',NULL,NULL,'',2,NULL,NULL,1,'MS 56',2,363),(364,'2018-04-12 21:52:06',NULL,NULL,'',2,NULL,NULL,1,'MS 57',2,364),(365,'2018-04-12 21:52:06',NULL,NULL,'',2,NULL,NULL,1,'MS 58',2,365),(366,'2018-04-12 21:52:06',NULL,NULL,'',2,NULL,NULL,1,'MS 59',2,366),(367,'2018-04-12 21:52:06',NULL,NULL,'',2,NULL,NULL,1,'MS 60',2,367),(368,'2018-04-12 21:52:06',NULL,NULL,'',2,NULL,NULL,1,'MS 61',2,368),(369,'2018-04-12 21:52:06',NULL,NULL,'',2,NULL,NULL,1,'MS 62',2,369),(370,'2018-04-12 21:52:06',NULL,NULL,'',2,NULL,NULL,1,'MS 63',2,370),(371,'2018-04-12 21:52:06',NULL,NULL,'',2,NULL,NULL,1,'MS 64',2,371),(372,'2018-04-12 21:52:06',NULL,NULL,'',2,NULL,NULL,1,'MS 65',2,372),(373,'2018-04-12 21:52:06',NULL,NULL,'',2,NULL,NULL,1,'MS 66',2,373),(374,'2018-04-12 21:52:06',NULL,NULL,'',2,NULL,NULL,1,'MS 67',2,374),(375,'2018-04-12 21:52:06',NULL,NULL,'',2,NULL,NULL,1,'MS 68',2,375),(376,'2018-04-12 21:52:06',NULL,NULL,'',2,NULL,NULL,1,'MS 69',2,376),(377,'2018-04-12 21:52:06',NULL,NULL,'',2,NULL,NULL,1,'MS 70',2,377),(378,'2018-04-12 21:52:06',NULL,NULL,'',2,NULL,NULL,1,'MS 71',2,378),(379,'2018-04-12 21:52:06',NULL,NULL,'',2,NULL,NULL,1,'MS 72',2,379),(380,'2018-04-12 21:52:06',NULL,NULL,'',2,NULL,NULL,1,'MS 73',2,380),(381,'2018-04-12 21:52:06',NULL,NULL,'',2,NULL,NULL,1,'MS 74',2,381),(382,'2018-04-12 21:52:06',NULL,NULL,'',2,NULL,NULL,1,'MS 75',2,382),(383,'2018-04-12 21:52:06',NULL,NULL,'',2,NULL,NULL,1,'MS 76',2,383),(384,'2018-04-12 21:52:06',NULL,NULL,'',2,NULL,NULL,1,'MS 77',2,384),(385,'2018-04-12 21:52:06',NULL,NULL,'',2,NULL,NULL,1,'MS 78',2,385),(386,'2018-04-12 21:52:06',NULL,NULL,'',2,NULL,NULL,1,'MS 79',2,386),(387,'2018-04-12 21:52:06',NULL,NULL,'',2,NULL,NULL,1,'MS 80',2,387),(388,'2018-04-12 21:52:06',NULL,NULL,'',2,NULL,NULL,1,'MS 81',2,388),(389,'2018-04-12 21:52:06',NULL,NULL,'',2,NULL,NULL,1,'MS 82',2,389),(390,'2018-04-12 21:52:06',NULL,NULL,'',2,NULL,NULL,1,'MS 83',2,390),(391,'2018-04-12 21:52:06',NULL,NULL,'',2,NULL,NULL,1,'MS 84',2,391),(392,'2018-04-12 21:52:06',NULL,NULL,'',2,NULL,NULL,1,'MS 85',2,392),(393,'2018-04-12 21:52:06',NULL,NULL,'',2,NULL,NULL,1,'MS 86',2,393),(394,'2018-04-12 21:52:06',NULL,NULL,'',2,NULL,NULL,1,'MS 87',2,394),(395,'2018-04-12 21:52:06',NULL,NULL,'',2,NULL,NULL,1,'MS 88',2,395),(396,'2018-04-12 21:52:06',NULL,NULL,'',2,NULL,NULL,1,'MS 89',2,396),(397,'2018-04-12 21:52:06',NULL,NULL,'',2,NULL,NULL,1,'MS 90',2,397),(398,'2018-04-12 21:52:06',NULL,NULL,'',2,NULL,NULL,1,'MS 91',2,398),(399,'2018-04-12 21:52:06',NULL,NULL,'',2,NULL,NULL,1,'MS 92',2,399),(400,'2018-04-12 21:52:06',NULL,NULL,'',2,NULL,NULL,1,'MS 93',2,400),(401,'2018-04-12 21:52:06',NULL,NULL,'',2,NULL,NULL,1,'MS 94',2,401),(402,'2018-04-12 21:52:06',NULL,NULL,'',2,NULL,NULL,1,'MS 95',2,402),(403,'2018-04-12 21:52:06',NULL,NULL,'',2,NULL,NULL,1,'MS 96',2,403),(404,'2018-04-12 21:52:06',NULL,NULL,'',2,NULL,NULL,1,'MS 97',2,404),(405,'2018-04-12 21:52:06',NULL,NULL,'',2,NULL,NULL,1,'MS 98',2,405),(406,'2018-04-12 21:52:06',NULL,NULL,'',2,NULL,NULL,1,'MS 99',2,406),(407,'2018-04-12 21:52:06',NULL,NULL,'',2,NULL,NULL,1,'MS 100',2,407),(408,'2018-04-12 21:52:06',NULL,NULL,'',2,NULL,NULL,1,'MS 101',2,408),(409,'2018-04-12 21:52:06',NULL,NULL,'',2,NULL,NULL,1,'MS 102',2,409),(410,'2018-04-12 21:52:06',NULL,NULL,'',2,NULL,NULL,1,'MS 103',2,410),(411,'2018-04-12 21:52:06',NULL,NULL,'',2,NULL,NULL,1,'MS 104',2,411),(412,'2018-04-12 21:52:06',NULL,NULL,'',2,NULL,NULL,1,'MS 105',2,412),(413,'2018-04-12 21:52:06',NULL,NULL,'',2,NULL,NULL,1,'MS 106',2,413),(414,'2018-04-12 21:52:06',NULL,NULL,'',2,NULL,NULL,1,'MS 107',2,414),(415,'2018-04-12 21:52:06',NULL,NULL,'',2,NULL,NULL,1,'MS 108',2,415),(416,'2018-04-12 21:52:06',NULL,NULL,'',2,NULL,NULL,1,'MS 109',2,416),(417,'2018-04-12 21:52:06',NULL,NULL,'',2,NULL,NULL,1,'MS 110',2,417),(418,'2018-04-12 21:52:06',NULL,NULL,'',2,NULL,NULL,1,'MS 111',2,418),(419,'2018-04-12 21:52:06',NULL,NULL,'',2,NULL,NULL,1,'MS 112',2,419),(420,'2018-04-12 21:52:06',NULL,NULL,'',2,NULL,NULL,1,'MS 113',2,420),(421,'2018-04-12 21:52:06',NULL,NULL,'',2,NULL,NULL,1,'MS 114',2,421),(422,'2018-04-12 21:52:06',NULL,NULL,'',2,NULL,NULL,1,'MS 115',2,422),(423,'2018-04-12 21:52:06',NULL,NULL,'',2,NULL,NULL,1,'MS 116',2,423),(424,'2018-04-12 21:52:06',NULL,NULL,'',2,NULL,NULL,1,'MS 117',2,424),(425,'2018-04-12 21:52:06',NULL,NULL,'',2,NULL,NULL,1,'MS 118',2,425),(426,'2018-04-12 21:52:06',NULL,NULL,'',2,NULL,NULL,1,'MS 119',2,426),(427,'2018-04-12 21:52:06',NULL,NULL,'',2,NULL,NULL,1,'MS 120',2,427),(428,'2018-04-12 21:52:06',NULL,NULL,'',2,NULL,NULL,1,'MS 121',2,428),(429,'2018-04-12 21:52:06',NULL,NULL,'',2,NULL,NULL,1,'MS 122',2,429),(430,'2018-04-12 21:52:06',NULL,NULL,'',2,NULL,NULL,1,'MS 123',2,430),(431,'2018-04-12 21:52:06',NULL,NULL,'',2,NULL,NULL,1,'MS 124',2,431),(432,'2018-04-12 21:52:06',NULL,NULL,'',2,NULL,NULL,1,'MS 125',2,432),(433,'2018-04-12 21:52:06',NULL,NULL,'',2,NULL,NULL,1,'MS 126',2,433),(434,'2018-04-12 21:52:06',NULL,NULL,'',2,NULL,NULL,1,'MS 127',2,434),(435,'2018-04-12 21:52:06',NULL,NULL,'',2,NULL,NULL,1,'MS 128',2,435),(436,'2018-04-12 21:52:06',NULL,NULL,'',2,NULL,NULL,1,'MS 129',2,436),(437,'2018-04-12 21:52:06',NULL,NULL,'',2,NULL,NULL,1,'MS 130',2,437),(438,'2018-04-12 21:52:06',NULL,NULL,'',2,NULL,NULL,1,'MS 131',2,438),(439,'2018-04-12 21:52:06',NULL,NULL,'',2,NULL,NULL,1,'MS 132',2,439),(440,'2018-04-12 21:52:06',NULL,NULL,'',2,NULL,NULL,1,'MS 133',2,440),(441,'2018-04-12 21:52:06',NULL,NULL,'',2,NULL,NULL,1,'MS 134',2,441),(442,'2018-04-12 21:52:06',NULL,NULL,'',2,NULL,NULL,1,'MS 135',2,442),(443,'2018-04-12 21:52:06',NULL,NULL,'',2,NULL,NULL,1,'MS 136',2,443),(444,'2018-04-12 21:52:06',NULL,NULL,'',2,NULL,NULL,1,'MS 137',2,444),(445,'2018-04-12 21:52:06',NULL,NULL,'',2,NULL,NULL,1,'MS 138',2,445),(446,'2018-04-12 21:52:06',NULL,NULL,'',2,NULL,NULL,1,'MS 139',2,446),(447,'2018-04-12 21:52:06',NULL,NULL,'',2,NULL,NULL,1,'MS 140',2,447),(448,'2018-04-12 21:52:06',NULL,NULL,'',2,NULL,NULL,1,'MS 141',2,448),(449,'2018-04-12 21:52:06',NULL,NULL,'',2,NULL,NULL,1,'MS 142',2,449),(450,'2018-04-12 21:52:06',NULL,NULL,'',2,NULL,NULL,1,'MS 143',2,450),(451,'2018-04-12 21:52:06',NULL,NULL,'',2,NULL,NULL,1,'MS 144',2,451),(452,'2018-04-12 21:52:06',NULL,NULL,'',2,NULL,NULL,1,'MS 145',2,452),(453,'2018-04-12 21:52:06',NULL,NULL,'',2,NULL,NULL,1,'MS 146',2,453),(454,'2018-04-12 21:52:06',NULL,NULL,'',2,NULL,NULL,1,'MS 147',2,454),(455,'2018-04-12 21:52:06',NULL,NULL,'',2,NULL,NULL,1,'MS 148',2,455),(456,'2018-04-12 21:52:06',NULL,NULL,'',2,NULL,NULL,1,'MS 149',2,456),(457,'2018-04-12 21:52:06',NULL,NULL,'',2,NULL,NULL,1,'MS 150',2,457),(458,'2018-04-12 21:52:06',NULL,NULL,'',2,NULL,NULL,1,'MS 151',2,458),(459,'2018-04-12 21:52:06',NULL,NULL,'',2,NULL,NULL,1,'MS 152',2,459),(460,'2018-04-12 21:52:06',NULL,NULL,'',2,NULL,NULL,1,'MS 153',2,460),(461,'2018-04-12 21:52:06',NULL,NULL,'',2,NULL,NULL,1,'MS 154',2,461),(462,'2018-04-12 21:52:06',NULL,NULL,'',2,NULL,NULL,1,'MS 155',2,462),(463,'2018-04-12 21:52:06',NULL,NULL,'',2,NULL,NULL,1,'MS 156',2,463),(464,'2018-04-12 21:52:06',NULL,NULL,'',2,NULL,NULL,1,'MS 157',2,464),(465,'2018-04-12 21:52:06',NULL,NULL,'',2,NULL,NULL,1,'MS 158',2,465),(466,'2018-04-12 21:52:06',NULL,NULL,'',2,NULL,NULL,1,'MS 159',2,466),(467,'2018-04-12 21:52:06',NULL,NULL,'',2,NULL,NULL,1,'MS 160',2,467),(468,'2018-04-12 21:52:06',NULL,NULL,'',2,NULL,NULL,1,'MS 161',2,468),(469,'2018-04-12 21:52:06',NULL,NULL,'',2,NULL,NULL,1,'MS 162',2,469),(470,'2018-04-12 21:52:06',NULL,NULL,'',2,NULL,NULL,1,'MS 163',2,470),(471,'2018-04-12 21:52:06',NULL,NULL,'',2,NULL,NULL,1,'MS 164',2,471),(472,'2018-04-12 21:52:06',NULL,NULL,'',2,NULL,NULL,1,'MS 165',2,472),(473,'2018-04-12 21:52:06',NULL,NULL,'',2,NULL,NULL,1,'MS 166',2,473),(474,'2018-04-12 21:52:06',NULL,NULL,'',2,NULL,NULL,1,'MS 167',2,474),(475,'2018-04-12 21:52:06',NULL,NULL,'',2,NULL,NULL,1,'MS 168',2,475),(476,'2018-04-12 21:52:06',NULL,NULL,'',2,NULL,NULL,1,'MS 169',2,476),(477,'2018-04-12 21:52:06',NULL,NULL,'',2,NULL,NULL,1,'MS 170',2,477),(478,'2018-04-12 21:52:06',NULL,NULL,'',2,NULL,NULL,1,'MS 171',2,478),(479,'2018-04-12 21:52:06',NULL,NULL,'',2,NULL,NULL,1,'MS 172',2,479),(480,'2018-04-12 21:52:06',NULL,NULL,'',3,NULL,NULL,1,'MBF 1',3,480),(481,'2018-04-12 21:52:06',NULL,NULL,'',3,NULL,NULL,1,'MBF 2',3,481),(482,'2018-04-12 21:52:06',NULL,NULL,'',3,NULL,NULL,1,'MBF 3',3,482),(483,'2018-04-12 21:52:06',NULL,NULL,'',3,NULL,NULL,1,'MBF 4',3,483),(484,'2018-04-12 21:52:06',NULL,NULL,'',3,NULL,NULL,1,'MBF 5',3,484),(485,'2018-04-12 21:52:06',NULL,NULL,'',3,NULL,NULL,1,'MBF 6',3,485),(486,'2018-04-12 21:52:06',NULL,NULL,'',3,NULL,NULL,1,'MBF 7',3,486),(487,'2018-04-12 21:52:06',NULL,NULL,'',3,NULL,NULL,1,'MBF 8',3,487),(488,'2018-04-12 21:52:06',NULL,NULL,'',3,NULL,NULL,1,'MBF 9',3,488),(489,'2018-04-12 21:52:06',NULL,NULL,'',3,NULL,NULL,1,'MBF 10',3,489),(490,'2018-04-12 21:52:06',NULL,NULL,'',3,NULL,NULL,1,'MBF 11',3,490),(491,'2018-04-12 21:52:06',NULL,NULL,'',3,NULL,NULL,1,'MBF 12',3,491),(492,'2018-04-12 21:52:06',NULL,NULL,'',3,NULL,NULL,1,'MBF 13',3,492),(493,'2018-04-12 21:52:06',NULL,NULL,'',3,NULL,NULL,1,'MBF 14',3,493),(494,'2018-04-12 21:52:06',NULL,NULL,'',3,NULL,NULL,1,'MBF 15',3,494),(495,'2018-04-12 21:52:06',NULL,NULL,'',3,NULL,NULL,1,'MBF 16',3,495),(496,'2018-04-12 21:52:06',NULL,NULL,'',3,NULL,NULL,1,'MBF 17',3,496),(497,'2018-04-12 21:52:06',NULL,NULL,'',3,NULL,NULL,1,'MBF 18',3,497),(498,'2018-04-12 21:52:06',NULL,NULL,'',3,NULL,NULL,1,'MBF 19',3,498),(499,'2018-04-12 21:52:06',NULL,NULL,'',3,NULL,NULL,1,'MBF 20',3,499),(500,'2018-04-12 21:52:06',NULL,NULL,'',3,NULL,NULL,1,'MBF 21',3,500),(501,'2018-04-12 21:52:06',NULL,NULL,'',3,NULL,NULL,1,'MBF 22',3,501),(502,'2018-04-12 21:52:06',NULL,NULL,'',3,NULL,NULL,1,'MBF 23',3,502),(503,'2018-04-12 21:52:06',NULL,NULL,'',3,NULL,NULL,1,'MBF 24',3,503),(504,'2018-04-12 21:52:06',NULL,NULL,'',3,NULL,NULL,1,'MBF 25',3,504),(505,'2018-04-12 21:52:06',NULL,NULL,'',3,NULL,NULL,1,'MBF 26',3,505),(506,'2018-04-12 21:52:06',NULL,NULL,'',3,NULL,NULL,1,'MBF 27',3,506),(507,'2018-04-12 21:52:06',NULL,NULL,'',3,NULL,NULL,1,'MBF 28',3,507),(508,'2018-04-12 21:52:06',NULL,NULL,'',3,NULL,NULL,1,'MBF 29',3,508),(509,'2018-04-12 21:52:06',NULL,NULL,'',3,NULL,NULL,1,'MBF 30',3,509),(510,'2018-04-12 21:52:06',NULL,NULL,'',3,NULL,NULL,1,'MBF 31',3,510),(511,'2018-04-12 21:52:06',NULL,NULL,'',3,NULL,NULL,1,'MBF 32',3,511),(512,'2018-04-12 21:52:06',NULL,NULL,'',3,NULL,NULL,1,'MBF 33',3,512),(513,'2018-04-12 21:52:06',NULL,NULL,'',3,NULL,NULL,1,'MBF 34',3,513),(514,'2018-04-12 21:52:06',NULL,NULL,'',3,NULL,NULL,1,'MBF 35',3,514),(515,'2018-04-12 21:52:06',NULL,NULL,'',3,NULL,NULL,1,'MBF 36',3,515),(516,'2018-04-12 21:52:06',NULL,NULL,'',3,NULL,NULL,1,'MBF 37',3,516),(517,'2018-04-12 21:52:06',NULL,NULL,'',3,NULL,NULL,1,'MBF 38',3,517),(518,'2018-04-12 21:52:06',NULL,NULL,'',3,NULL,NULL,1,'MBF 39',3,518),(519,'2018-04-12 21:52:06',NULL,NULL,'',3,NULL,NULL,1,'MBF 40',3,519),(520,'2018-04-12 21:52:06',NULL,NULL,'',3,NULL,NULL,1,'MBF 41',3,520),(521,'2018-04-12 21:52:06',NULL,NULL,'',3,NULL,NULL,1,'MBF 42',3,521),(522,'2018-04-12 21:52:06',NULL,NULL,'',3,NULL,NULL,1,'MBF 43',3,522),(523,'2018-04-12 21:52:06',NULL,NULL,'',3,NULL,NULL,1,'MBF 44',3,523),(524,'2018-04-12 21:52:06',NULL,NULL,'',3,NULL,NULL,1,'MBF 45',3,524),(525,'2018-04-12 21:52:06',NULL,NULL,'',3,NULL,NULL,1,'MBF 46',3,525),(526,'2018-04-12 21:52:06',NULL,NULL,'',3,NULL,NULL,1,'MBF 47',3,526),(527,'2018-04-12 21:52:06',NULL,NULL,'',3,NULL,NULL,1,'MBF 48',3,527),(528,'2018-04-12 21:52:06',NULL,NULL,'',3,NULL,NULL,1,'MBF 49',3,528),(529,'2018-04-12 21:52:06',NULL,NULL,'',3,NULL,NULL,1,'MBF 50',3,529),(530,'2018-04-12 21:52:06',NULL,NULL,'',3,NULL,NULL,1,'MBF 51',3,530),(531,'2018-04-12 21:52:06',NULL,NULL,'',3,NULL,NULL,1,'MBF 52',3,531),(532,'2018-04-12 21:52:06',NULL,NULL,'',3,NULL,NULL,1,'MBF 53',3,532),(533,'2018-04-12 21:52:06',NULL,NULL,'',3,NULL,NULL,1,'MBF 54',3,533),(534,'2018-04-12 21:52:06',NULL,NULL,'',3,NULL,NULL,1,'MBF 55',3,534),(535,'2018-04-12 21:52:06',NULL,NULL,'',3,NULL,NULL,1,'MBF 56',3,535),(536,'2018-04-12 21:52:06',NULL,NULL,'',3,NULL,NULL,1,'MBF 57',3,536),(537,'2018-04-12 21:52:06',NULL,NULL,'',3,NULL,NULL,1,'MBF 58',3,537),(538,'2018-04-12 21:52:06',NULL,NULL,'',3,NULL,NULL,1,'MBF 59',3,538),(539,'2018-04-12 21:52:06',NULL,NULL,'',3,NULL,NULL,1,'MBF 60',3,539),(540,'2018-04-12 21:52:06',NULL,NULL,'',3,NULL,NULL,1,'MBF 61',3,540),(541,'2018-04-12 21:52:06',NULL,NULL,'',3,NULL,NULL,1,'MBF 62',3,541),(542,'2018-04-12 21:52:06',NULL,NULL,'',3,NULL,NULL,1,'MBF 63',3,542),(543,'2018-04-12 21:52:06',NULL,NULL,'',3,NULL,NULL,1,'MBF 64',3,543),(544,'2018-04-12 21:52:06',NULL,NULL,'',3,NULL,NULL,1,'MBF 65',3,544),(545,'2018-04-12 21:52:06',NULL,NULL,'',3,NULL,NULL,1,'MBF 66',3,545),(546,'2018-04-12 21:52:06',NULL,NULL,'',3,NULL,NULL,1,'MBF 67',3,546),(547,'2018-04-12 21:52:06',NULL,NULL,'',3,NULL,NULL,1,'MBF 68',3,547),(548,'2018-04-12 21:52:06',NULL,NULL,'',3,NULL,NULL,1,'MBF 69',3,548),(549,'2018-04-12 21:52:06',NULL,NULL,'',3,NULL,NULL,1,'MBF 70',3,549),(550,'2018-04-12 21:52:06',NULL,NULL,'',3,NULL,NULL,1,'MBF 71',3,550),(551,'2018-04-12 21:52:06',NULL,NULL,'',3,NULL,NULL,1,'MBF 72',3,551),(552,'2018-04-12 21:52:06',NULL,NULL,'',3,NULL,NULL,1,'MBF 73',3,552),(553,'2018-04-12 21:52:06',NULL,NULL,'',3,NULL,NULL,1,'MBF 74',3,553),(554,'2018-04-12 21:52:06',NULL,NULL,'',3,NULL,NULL,1,'MBF 75',3,554),(555,'2018-04-12 21:52:06',NULL,NULL,'',3,NULL,NULL,1,'MBF 76',3,555),(556,'2018-04-12 21:52:06',NULL,NULL,'',3,NULL,NULL,1,'MBF 77',3,556),(557,'2018-04-12 21:52:06',NULL,NULL,'',3,NULL,NULL,1,'MBF 78',3,557),(558,'2018-04-12 21:52:06',NULL,NULL,'',3,NULL,NULL,1,'MBF 79',3,558),(559,'2018-04-12 21:52:06',NULL,NULL,'',3,NULL,NULL,1,'MBF 80',3,559),(560,'2018-04-12 21:52:06',NULL,NULL,'',3,NULL,NULL,1,'MBF 81',3,560),(561,'2018-04-12 21:52:06',NULL,NULL,'',3,NULL,NULL,1,'MBF 82',3,561),(562,'2018-04-12 21:52:06',NULL,NULL,'',3,NULL,NULL,1,'MBF 83',3,562),(563,'2018-04-12 21:52:06',NULL,NULL,'',3,NULL,NULL,1,'MBF 84',3,563),(564,'2018-04-12 21:52:06',NULL,NULL,'',3,NULL,NULL,1,'MBF 85',3,564),(565,'2018-04-12 21:52:06',NULL,NULL,'',3,NULL,NULL,1,'MBF 86',3,565),(566,'2018-04-12 21:52:06',NULL,NULL,'',3,NULL,NULL,1,'MBF 87',3,566),(567,'2018-04-12 21:52:06',NULL,NULL,'',3,NULL,NULL,1,'MBF 88',3,567),(568,'2018-04-12 21:52:06',NULL,NULL,'',3,NULL,NULL,1,'MBF 89',3,568),(569,'2018-04-12 21:52:06',NULL,NULL,'',3,NULL,NULL,1,'MBF 90',3,569),(570,'2018-04-12 21:52:06',NULL,NULL,'',3,NULL,NULL,1,'MBF 91',3,570),(571,'2018-04-12 21:52:06',NULL,NULL,'',3,NULL,NULL,1,'MBF 92',3,571),(572,'2018-04-12 21:52:06',NULL,NULL,'',3,NULL,NULL,1,'MBF 93',3,572),(573,'2018-04-12 21:52:06',NULL,NULL,'',3,NULL,NULL,1,'MBF 94',3,573),(574,'2018-04-12 21:52:06',NULL,NULL,'',3,NULL,NULL,1,'MBF 95',3,574),(575,'2018-04-12 21:52:06',NULL,NULL,'',3,NULL,NULL,1,'MBF 96',3,575),(576,'2018-04-12 21:52:06',NULL,NULL,'',3,NULL,NULL,1,'MBF 97',3,576),(577,'2018-04-12 21:52:06',NULL,NULL,'',3,NULL,NULL,1,'MBF 98',3,577),(578,'2018-04-12 21:52:06',NULL,NULL,'',3,NULL,NULL,1,'MBF 99',3,578),(579,'2018-04-12 21:52:06',NULL,NULL,'',3,NULL,NULL,1,'MBF 100',3,579),(580,'2018-04-12 21:52:06',NULL,NULL,'',3,NULL,NULL,1,'MBF 101',3,580),(581,'2018-04-12 21:52:06',NULL,NULL,'',3,NULL,NULL,1,'MBF 102',3,581),(582,'2018-04-12 21:52:06',NULL,NULL,'',3,NULL,NULL,1,'MBF 103',3,582),(583,'2018-04-12 21:52:06',NULL,NULL,'',3,NULL,NULL,1,'MBF 104',3,583),(584,'2018-04-12 21:52:06',NULL,NULL,'',3,NULL,NULL,1,'MBF 105',3,584),(585,'2018-04-12 21:52:06',NULL,NULL,'',3,NULL,NULL,1,'MBF 106',3,585),(586,'2018-04-12 21:52:06',NULL,NULL,'',3,NULL,NULL,1,'MBF 107',3,586),(587,'2018-04-12 21:52:06',NULL,NULL,'',3,NULL,NULL,1,'MBF 108',3,587),(588,'2018-04-12 21:52:06',NULL,NULL,'',3,NULL,NULL,1,'MBF 109',3,588),(589,'2018-04-12 21:52:06',NULL,NULL,'',3,NULL,NULL,1,'MBF 110',3,589),(590,'2018-04-12 21:52:06',NULL,NULL,'',3,NULL,NULL,1,'MBF 111',3,590),(591,'2018-04-12 21:52:06',NULL,NULL,'',3,NULL,NULL,1,'MBF 112',3,591),(592,'2018-04-12 21:52:06',NULL,NULL,'',3,NULL,NULL,1,'MBF 113',3,592),(593,'2018-04-12 21:52:06',NULL,NULL,'',3,NULL,NULL,1,'MBF 114',3,593),(594,'2018-04-12 21:52:06',NULL,NULL,'',3,NULL,NULL,1,'MBF 115',3,594),(595,'2018-04-12 21:52:06',NULL,NULL,'',3,NULL,NULL,1,'MBF 116',3,595),(596,'2018-04-12 21:52:06',NULL,NULL,'',3,NULL,NULL,1,'MBF 117',3,596),(597,'2018-04-12 21:52:06',NULL,NULL,'',3,NULL,NULL,1,'MBF 118',3,597),(598,'2018-04-12 21:52:06',NULL,NULL,'',3,NULL,NULL,1,'MBF 119',3,598),(599,'2018-04-12 21:52:06',NULL,NULL,'',3,NULL,NULL,1,'MBF 120',3,599),(600,'2018-04-12 21:52:06',NULL,NULL,'',3,NULL,NULL,1,'MBF 121',3,600),(601,'2018-04-12 21:52:06',NULL,NULL,'',3,NULL,NULL,1,'MBF 122',3,601),(602,'2018-04-12 21:52:06',NULL,NULL,'',3,NULL,NULL,1,'MBF 123',3,602),(603,'2018-04-12 21:52:06',NULL,NULL,'',3,NULL,NULL,1,'MBF 124',3,603),(604,'2018-04-12 21:52:06',NULL,NULL,'',3,NULL,NULL,1,'MBF 125',3,604),(605,'2018-04-12 21:52:06',NULL,NULL,'',3,NULL,NULL,1,'MBF 126',3,605),(606,'2018-04-12 21:52:06',NULL,NULL,'',3,NULL,NULL,1,'MBF 127',3,606),(607,'2018-04-12 21:52:06',NULL,NULL,'',3,NULL,NULL,1,'MBF 128',3,607),(608,'2018-04-12 21:52:06',NULL,NULL,'',3,NULL,NULL,1,'MBF 129',3,608),(609,'2018-04-12 21:52:06',NULL,NULL,'',3,NULL,NULL,1,'MBF 130',3,609),(610,'2018-04-12 21:52:06',NULL,NULL,'',3,NULL,NULL,1,'MBF 131',3,610),(611,'2018-04-12 21:52:06',NULL,NULL,'',3,NULL,NULL,1,'MBF 132',3,611),(612,'2018-04-12 21:52:06',NULL,NULL,'',3,NULL,NULL,1,'MBF 133',3,612),(613,'2018-04-12 21:52:06',NULL,NULL,'',3,NULL,NULL,1,'MBF 134',3,613),(614,'2018-04-12 21:52:06',NULL,NULL,'',3,NULL,NULL,1,'MBF 135',3,614),(615,'2018-04-12 21:52:06',NULL,NULL,'',3,NULL,NULL,1,'MBF 136',3,615),(616,'2018-04-12 21:52:06',NULL,NULL,'',3,NULL,NULL,1,'MBF 137',3,616),(617,'2018-04-12 21:52:06',NULL,NULL,'',3,NULL,NULL,1,'MBF 138',3,617),(618,'2018-04-12 21:52:06',NULL,NULL,'',3,NULL,NULL,1,'MBF 139',3,618),(619,'2018-04-12 21:52:06',NULL,NULL,'',3,NULL,NULL,1,'MBF 140',3,619),(620,'2018-04-12 21:52:06',NULL,NULL,'',3,NULL,NULL,1,'MBF 141',3,620),(621,'2018-04-12 21:52:06',NULL,NULL,'',3,NULL,NULL,1,'MBF 142',3,621),(622,'2018-04-12 21:52:06',NULL,NULL,'',3,NULL,NULL,1,'MBF 143',3,622),(623,'2018-04-12 21:52:06',NULL,NULL,'',3,NULL,NULL,1,'MBF 144',3,623),(624,'2018-04-12 21:52:06',NULL,NULL,'',3,NULL,NULL,1,'MBF 145',3,624),(625,'2018-04-12 21:52:06',NULL,NULL,'',3,NULL,NULL,1,'MBF 146',3,625),(626,'2018-04-12 21:52:06',NULL,NULL,'',3,NULL,NULL,1,'MBF 147',3,626),(627,'2018-04-12 21:52:06',NULL,NULL,'',3,NULL,NULL,1,'MBF 148',3,627),(628,'2018-04-12 21:52:06',NULL,NULL,'',3,NULL,NULL,1,'MBF 149',3,628),(629,'2018-04-12 21:52:06',NULL,NULL,'',3,NULL,NULL,1,'MBF 150',3,629),(630,'2018-04-12 21:52:06',NULL,NULL,'',3,NULL,NULL,1,'MBF 151',3,630),(631,'2018-04-12 21:52:06',NULL,NULL,'',3,NULL,NULL,1,'MBF 152',3,631),(632,'2018-04-12 21:52:06',NULL,NULL,'',3,NULL,NULL,1,'MBF 153',3,632),(633,'2018-04-12 21:52:06',NULL,NULL,'',3,NULL,NULL,1,'MBF 154',3,633),(634,'2018-04-12 21:52:06',NULL,NULL,'',3,NULL,NULL,1,'MBF 155',3,634),(635,'2018-04-12 21:52:06',NULL,NULL,'',3,NULL,NULL,1,'MBF 156',3,635),(636,'2018-04-12 21:52:06',NULL,NULL,'',3,NULL,NULL,1,'MBF 157',3,636),(637,'2018-04-12 21:52:06',NULL,NULL,'',3,NULL,NULL,1,'MBF 158',3,637),(638,'2018-04-12 21:52:06',NULL,NULL,'',3,NULL,NULL,1,'MBF 159',3,638),(639,'2018-04-12 21:52:06',NULL,NULL,'',3,NULL,NULL,1,'MBF 160',3,639),(640,'2018-04-12 21:52:06',NULL,NULL,'',3,NULL,NULL,1,'MBF 161',3,640),(641,'2018-04-12 21:52:06',NULL,NULL,'',3,NULL,NULL,1,'MBF 162',3,641),(642,'2018-04-12 21:52:06',NULL,NULL,'',3,NULL,NULL,1,'MBF 163',3,642),(643,'2018-04-12 21:52:06',NULL,NULL,'',3,NULL,NULL,1,'MBF 164',3,643),(644,'2018-04-12 21:52:06',NULL,NULL,'',3,NULL,NULL,1,'MBF 165',3,644),(645,'2018-04-12 21:52:06',NULL,NULL,'',3,NULL,NULL,1,'MBF 166',3,645),(646,'2018-04-12 21:52:06',NULL,NULL,'',3,NULL,NULL,1,'MBF 167',3,646),(647,'2018-04-12 21:52:06',NULL,NULL,'',3,NULL,NULL,1,'MBF 168',3,647),(648,'2018-04-12 21:52:06',NULL,NULL,'',3,NULL,NULL,1,'MBF 169',3,648),(649,'2018-04-12 21:52:06',NULL,NULL,'',3,NULL,NULL,1,'MBF 170',3,649),(650,'2018-04-12 21:52:06',NULL,NULL,'',3,NULL,NULL,1,'MBF 171',3,650),(651,'2018-04-12 21:52:06',NULL,NULL,'',3,NULL,NULL,1,'MBF 172',3,651),(652,'2018-04-12 21:52:06',NULL,NULL,'',3,NULL,NULL,1,'MBF 173',3,652),(653,'2018-04-12 21:52:06',NULL,NULL,'',3,NULL,NULL,1,'MBF 174',3,653),(654,'2018-04-12 21:52:06',NULL,NULL,'',3,NULL,NULL,1,'MBF 175',3,654),(655,'2018-04-12 21:52:06',NULL,NULL,'',3,NULL,NULL,1,'MBF 176',3,655),(656,'2018-04-12 21:52:06',NULL,NULL,'',3,NULL,NULL,1,'MBF 177',3,656),(657,'2018-04-12 21:52:06',NULL,NULL,'',3,NULL,NULL,1,'MBF 178',3,657),(658,'2018-04-12 21:52:06',NULL,NULL,'',3,NULL,NULL,1,'MBF 179',3,658),(659,'2018-04-12 21:52:06',NULL,NULL,'',3,NULL,NULL,1,'MBF 180',3,659),(660,'2018-04-12 21:52:06',NULL,NULL,'',3,NULL,NULL,1,'MBF 181',3,660),(661,'2018-04-12 21:52:06',NULL,NULL,'',3,NULL,NULL,1,'MBF 182',3,661),(662,'2018-04-12 21:52:06',NULL,NULL,'',3,NULL,NULL,1,'MBF 183',3,662),(663,'2018-04-12 21:52:06',NULL,NULL,'',3,NULL,NULL,1,'MBF 184',3,663),(664,'2018-04-12 21:52:06',NULL,NULL,'',3,NULL,NULL,1,'MBF 185',3,664),(665,'2018-04-12 21:52:06',NULL,NULL,'',3,NULL,NULL,1,'MBF 186',3,665),(666,'2018-04-12 21:52:06',NULL,NULL,'',3,NULL,NULL,1,'MBF 187',3,666),(667,'2018-04-12 21:52:06',NULL,NULL,'',3,NULL,NULL,1,'MBF 188',3,667),(668,'2018-04-12 21:52:06',NULL,NULL,'',3,NULL,NULL,1,'MBF 189',3,668),(669,'2018-04-12 21:52:06',NULL,NULL,'',3,NULL,NULL,1,'MBF 190',3,669),(670,'2018-04-12 21:52:06',NULL,NULL,'',3,NULL,NULL,1,'MBF 191',3,670),(671,'2018-04-12 21:52:06',NULL,NULL,'',3,NULL,NULL,1,'MBF 192',3,671),(672,'2018-04-12 21:52:06',NULL,NULL,'',3,NULL,NULL,1,'MBF 193',3,672),(673,'2018-04-12 21:52:06',NULL,NULL,'',3,NULL,NULL,1,'MBF 194',3,673),(674,'2018-04-12 21:52:06',NULL,NULL,'',3,NULL,NULL,1,'MBF 195',3,674),(675,'2018-04-12 21:52:06',NULL,NULL,'',3,NULL,NULL,1,'MBF 196',3,675),(676,'2018-04-12 21:52:06',NULL,NULL,'',3,NULL,NULL,1,'MBF 197',3,676),(677,'2018-04-12 21:52:06',NULL,NULL,'',3,NULL,NULL,1,'MBF 198',3,677),(678,'2018-04-12 21:52:06',NULL,NULL,'',3,NULL,NULL,1,'MBF 199',3,678),(679,'2018-04-12 21:52:06',NULL,NULL,'',3,NULL,NULL,1,'MBF 200',3,679),(680,'2018-04-12 21:52:06',NULL,NULL,'',3,NULL,NULL,1,'MBF 201',3,680),(681,'2018-04-12 21:52:06',NULL,NULL,'',3,NULL,NULL,1,'MBF 202',3,681),(682,'2018-04-12 21:52:06',NULL,NULL,'',3,NULL,NULL,1,'MBF 203',3,682),(683,'2018-04-12 21:52:06',NULL,NULL,'',3,NULL,NULL,1,'MBF 204',3,683),(684,'2018-04-12 21:52:06',NULL,NULL,'',3,NULL,NULL,1,'MBF 205',3,684),(685,'2018-04-12 21:52:06',NULL,NULL,'',3,NULL,NULL,1,'MBF 206',3,685),(686,'2018-04-12 21:52:06',NULL,NULL,'',3,NULL,NULL,1,'MBF 207',3,686),(687,'2018-04-12 21:52:06',NULL,NULL,'',3,NULL,NULL,1,'MBF 208',3,687),(688,'2018-04-12 21:52:06',NULL,NULL,'',3,NULL,NULL,1,'MBF 209',3,688),(689,'2018-04-12 21:52:06',NULL,NULL,'',3,NULL,NULL,1,'MBF 210',3,689),(690,'2018-04-12 21:52:06',NULL,NULL,'',3,NULL,NULL,1,'MBF 211',3,690),(691,'2018-04-12 21:52:06',NULL,NULL,'',3,NULL,NULL,1,'MBF 212',3,691),(692,'2018-04-12 21:52:06',NULL,NULL,'',3,NULL,NULL,1,'MBF 213',3,692),(693,'2018-04-12 21:52:06',NULL,NULL,'',3,NULL,NULL,1,'MBF 214',3,693),(694,'2018-04-12 21:52:06',NULL,NULL,'',3,NULL,NULL,1,'MBF 215',3,694),(695,'2018-04-12 21:52:06',NULL,NULL,'',3,NULL,NULL,1,'MBF 216',3,695),(696,'2018-04-12 21:52:06',NULL,NULL,'',3,NULL,NULL,1,'MBF 217',3,696),(697,'2018-04-12 21:52:06',NULL,NULL,'',3,NULL,NULL,1,'MBF 218',3,697),(698,'2018-04-12 21:52:06',NULL,NULL,'',3,NULL,NULL,1,'MBF 219',3,698),(699,'2018-04-12 21:52:06',NULL,NULL,'',3,NULL,NULL,1,'MBF 220',3,699),(700,'2018-04-12 21:52:06',NULL,NULL,'',3,NULL,NULL,1,'MBF 221',3,700),(701,'2018-04-12 21:52:06',NULL,NULL,'',3,NULL,NULL,1,'MBF 222',3,701),(702,'2018-04-12 21:52:06',NULL,NULL,'',3,NULL,NULL,1,'MBF 223',3,702),(703,'2018-04-12 21:52:06',NULL,NULL,'',3,NULL,NULL,1,'MBF 224',3,703),(704,'2018-04-12 21:52:06',NULL,NULL,'',3,NULL,NULL,1,'MBF 225',3,704),(705,'2018-04-12 21:52:06',NULL,NULL,'',3,NULL,NULL,1,'MBF 226',3,705),(706,'2018-04-12 21:52:06',NULL,NULL,'',3,NULL,NULL,1,'MBF 227',3,706),(707,'2018-04-12 21:52:06',NULL,NULL,'',3,NULL,NULL,1,'MBF 228',3,707),(708,'2018-04-12 21:52:06',NULL,NULL,'',3,NULL,NULL,1,'MBF 229',3,708),(709,'2018-04-12 21:52:06',NULL,NULL,'',3,NULL,NULL,1,'MBF 230',3,709),(710,'2018-04-12 21:52:06',NULL,NULL,'',3,NULL,NULL,1,'MBF 231',3,710),(711,'2018-04-12 21:52:06',NULL,NULL,'',3,NULL,NULL,1,'MBF 232',3,711),(712,'2018-04-12 21:52:06',NULL,NULL,'',3,NULL,NULL,1,'MBF 233',3,712),(713,'2018-04-12 21:52:06',NULL,NULL,'',3,NULL,NULL,1,'MBF 234',3,713),(714,'2018-04-12 21:52:06',NULL,NULL,'',3,NULL,NULL,1,'MBF 235',3,714),(715,'2018-04-12 21:52:06',NULL,NULL,'',3,NULL,NULL,1,'MBF 236',3,715),(716,'2018-04-12 21:52:06',NULL,NULL,'',3,NULL,NULL,1,'MBF 237',3,716),(717,'2018-04-12 21:52:06',NULL,NULL,'',3,NULL,NULL,1,'MBF 238',3,717),(718,'2018-04-12 21:52:06',NULL,NULL,'',3,NULL,NULL,1,'MBF 239',3,718),(719,'2018-04-12 21:52:06',NULL,NULL,'',3,NULL,NULL,1,'MBF 240',3,719),(720,'2018-04-12 21:52:06',NULL,NULL,'',3,NULL,NULL,1,'MBF 241',3,720),(721,'2018-04-12 21:52:06',NULL,NULL,'',3,NULL,NULL,1,'MBF 242',3,721),(722,'2018-04-12 21:52:06',NULL,NULL,'',3,NULL,NULL,1,'MBF 243',3,722),(723,'2018-04-12 21:52:06',NULL,NULL,'',3,NULL,NULL,1,'MBF 244',3,723),(724,'2018-04-12 21:52:06',NULL,NULL,'',3,NULL,NULL,1,'MBF 245',3,724),(725,'2018-04-12 21:52:06',NULL,NULL,'',3,NULL,NULL,1,'MBF 246',3,725),(726,'2018-04-12 21:52:06',NULL,NULL,'',3,NULL,NULL,1,'MBF 247',3,726),(727,'2018-04-12 21:52:06',NULL,NULL,'',3,NULL,NULL,1,'MBF 248',3,727),(728,'2018-04-12 21:52:06',NULL,NULL,'',3,NULL,NULL,1,'MBF 249',3,728),(729,'2018-04-12 21:52:06',NULL,NULL,'',3,NULL,NULL,1,'MBF 250',3,729),(730,'2018-04-12 21:52:06',NULL,NULL,'',3,NULL,NULL,1,'MBF 251',3,730),(731,'2018-04-12 21:52:06',NULL,NULL,'',3,NULL,NULL,1,'MBF 252',3,731),(732,'2018-04-12 21:52:06',NULL,NULL,'',3,NULL,NULL,1,'MBF 253',3,732),(733,'2018-04-12 21:52:06',NULL,NULL,'',3,NULL,NULL,1,'MBF 254',3,733),(734,'2018-04-12 21:52:06',NULL,NULL,'',3,NULL,NULL,1,'MBF 255',3,734),(735,'2018-04-12 21:52:06',NULL,NULL,'',3,NULL,NULL,1,'MBF 256',3,735),(736,'2018-04-12 21:52:06',NULL,NULL,'',3,NULL,NULL,1,'MBF 257',3,736),(737,'2018-04-12 21:52:06',NULL,NULL,'',3,NULL,NULL,1,'MBF 258',3,737),(738,'2018-04-12 21:52:06',NULL,NULL,'',3,NULL,NULL,1,'MBF 259',3,738),(739,'2018-04-12 21:52:06',NULL,NULL,'',3,NULL,NULL,1,'MBF 260',3,739),(740,'2018-04-12 21:52:06',NULL,NULL,'',3,NULL,NULL,1,'MBF 261',3,740),(741,'2018-04-12 21:52:06',NULL,NULL,'',3,NULL,NULL,1,'MBF 262',3,741),(742,'2018-04-12 21:52:06',NULL,NULL,'',3,NULL,NULL,1,'MBF 263',3,742),(743,'2018-04-12 21:52:06',NULL,NULL,'',3,NULL,NULL,1,'MBF 264',3,743),(744,'2018-04-12 21:52:06',NULL,NULL,'',3,NULL,NULL,1,'MBF 265',3,744),(745,'2018-04-12 21:52:06',NULL,NULL,'',3,NULL,NULL,1,'MBF 266',3,745),(746,'2018-04-12 21:52:06',NULL,NULL,'',3,NULL,NULL,1,'MBF 267',3,746),(747,'2018-04-12 21:52:06',NULL,NULL,'',3,NULL,NULL,1,'MBF 268',3,747),(748,'2018-04-12 21:52:06',NULL,NULL,'',3,NULL,NULL,1,'MBF 269',3,748),(749,'2018-04-12 21:52:06',NULL,NULL,'',3,NULL,NULL,1,'MBF 270',3,749),(750,'2018-04-12 21:52:06',NULL,NULL,'',3,NULL,NULL,1,'MBF 271',3,750),(751,'2018-04-12 21:52:06',NULL,NULL,'',3,NULL,NULL,1,'MBF 272',3,751),(752,'2018-04-12 21:52:06',NULL,NULL,'',3,NULL,NULL,1,'MBF 273',3,752),(753,'2018-04-12 21:52:06',NULL,NULL,'',3,NULL,NULL,1,'MBF 274',3,753),(754,'2018-04-12 21:52:06',NULL,NULL,'',3,NULL,NULL,1,'MBF 275',3,754),(755,'2018-04-12 21:52:06',NULL,NULL,'',3,NULL,NULL,1,'MBF 276',3,755),(756,'2018-04-12 21:52:06',NULL,NULL,'',3,NULL,NULL,1,'MBF 277',3,756),(757,'2018-04-12 21:52:06',NULL,NULL,'',3,NULL,NULL,1,'MBF 278',3,757),(758,'2018-04-12 21:52:06',NULL,NULL,'',3,NULL,NULL,1,'MBF 279',3,758),(759,'2018-04-12 21:52:06',NULL,NULL,'',3,NULL,NULL,1,'MBF 280',3,759),(760,'2018-04-12 21:52:06',NULL,NULL,'',3,NULL,NULL,1,'MBF 281',3,760),(761,'2018-04-12 21:52:06',NULL,NULL,'',3,NULL,NULL,1,'MBF 282',3,761),(762,'2018-04-12 21:52:06',NULL,NULL,'',3,NULL,NULL,1,'MBF 283',3,762),(763,'2018-04-12 21:52:06',NULL,NULL,'',3,NULL,NULL,1,'MBF 284',3,763),(764,'2018-04-12 21:52:06',NULL,NULL,'',3,NULL,NULL,1,'MBF 285',3,764),(765,'2018-04-12 21:52:06',NULL,NULL,'',3,NULL,NULL,1,'MBF 286',3,765),(766,'2018-04-12 21:52:06',NULL,NULL,'',3,NULL,NULL,1,'MBF 287',3,766),(767,'2018-04-12 21:52:06',NULL,NULL,'',3,NULL,NULL,1,'MBF 288',3,767),(768,'2018-04-12 21:52:06',NULL,NULL,'',3,NULL,NULL,1,'MBF 289',3,768),(769,'2018-04-12 21:52:06',NULL,NULL,'',3,NULL,NULL,1,'MBF 290',3,769),(770,'2018-04-12 21:52:06',NULL,NULL,'',3,NULL,NULL,1,'MBF 291',3,770),(771,'2018-04-12 21:52:06',NULL,NULL,'',3,NULL,NULL,1,'MBF 292',3,771),(772,'2018-04-12 21:52:06',NULL,NULL,'',3,NULL,NULL,1,'MBF 293',3,772),(773,'2018-04-12 21:52:06',NULL,NULL,'',3,NULL,NULL,1,'MBF 294',3,773),(774,'2018-04-12 21:52:06',NULL,NULL,'',3,NULL,NULL,1,'MBF 295',3,774),(775,'2018-04-12 21:52:06',NULL,NULL,'',3,NULL,NULL,1,'MBF 296',3,775),(776,'2018-04-12 21:52:06',NULL,NULL,'',3,NULL,NULL,1,'MBF 297',3,776),(777,'2018-04-12 21:52:06',NULL,NULL,'',3,NULL,NULL,1,'MBF 298',3,777),(778,'2018-04-12 21:52:06',NULL,NULL,'',3,NULL,NULL,1,'MBF 299',3,778),(779,'2018-04-12 21:52:06',NULL,NULL,'',3,NULL,NULL,1,'MBF 300',3,779),(780,'2018-04-12 21:52:06',NULL,NULL,'',3,NULL,NULL,1,'MBF 301',3,780),(781,'2018-04-12 21:52:06',NULL,NULL,'',3,NULL,NULL,1,'MBF 302',3,781),(782,'2018-04-12 21:52:06',NULL,NULL,'',3,NULL,NULL,1,'MBF 303',3,782),(783,'2018-04-12 21:52:06',NULL,NULL,'',3,NULL,NULL,1,'MBF 304',3,783),(784,'2018-04-12 21:52:06',NULL,NULL,'',3,NULL,NULL,1,'MBF 305',3,784),(785,'2018-04-12 21:52:06',NULL,NULL,'',3,NULL,NULL,1,'MBF 306',3,785),(786,'2018-04-12 21:52:06',NULL,NULL,'',3,NULL,NULL,1,'MBF 307',3,786),(787,'2018-04-12 21:52:06',NULL,NULL,'',3,NULL,NULL,1,'MBF 308',3,787),(788,'2018-04-12 21:52:06',NULL,NULL,'',3,NULL,NULL,1,'MBF 309',3,788),(789,'2018-04-12 21:52:06',NULL,NULL,'',3,NULL,NULL,1,'MBF 310',3,789),(790,'2018-04-12 21:52:06',NULL,NULL,'',3,NULL,NULL,1,'MBF 311',3,790),(791,'2018-04-12 21:52:06',NULL,NULL,'',3,NULL,NULL,1,'MBF 312',3,791),(792,'2018-04-12 21:52:06',NULL,NULL,'',3,NULL,NULL,1,'MBF 313',3,792),(793,'2018-04-12 21:52:06',NULL,NULL,'',3,NULL,NULL,1,'MBF 314',3,793),(794,'2018-04-12 21:52:06',NULL,NULL,'',3,NULL,NULL,1,'MBF 315',3,794),(795,'2018-04-12 21:52:06',NULL,NULL,'',3,NULL,NULL,1,'MBF 316',3,795),(796,'2018-04-12 21:52:06',NULL,NULL,'',3,NULL,NULL,1,'MBF 317',3,796),(797,'2018-04-12 21:52:06',NULL,NULL,'',3,NULL,NULL,1,'MBF 318',3,797),(798,'2018-04-12 21:52:06',NULL,NULL,'',3,NULL,NULL,1,'MBF 319',3,798),(799,'2018-04-12 21:52:06',NULL,NULL,'',3,NULL,NULL,1,'MBF 320',3,799),(800,'2018-04-12 21:52:06',NULL,NULL,'',3,NULL,NULL,1,'MBF 321',3,800),(801,'2018-04-12 21:52:06',NULL,NULL,'',3,NULL,NULL,1,'MBF 322',3,801),(802,'2018-04-12 21:52:06',NULL,NULL,'',3,NULL,NULL,1,'MBF 323',3,802),(803,'2018-04-12 21:52:06',NULL,NULL,'',3,NULL,NULL,1,'MBF 324',3,803),(804,'2018-04-12 21:52:06',NULL,NULL,'',3,NULL,NULL,1,'MBF 325',3,804),(805,'2018-04-12 21:52:06',NULL,NULL,'',3,NULL,NULL,1,'MBF 326',3,805),(806,'2018-04-12 21:52:06',NULL,NULL,'',3,NULL,NULL,1,'MBF 327',3,806),(807,'2018-04-12 21:52:06',NULL,NULL,'',3,NULL,NULL,1,'MBF 328',3,807),(808,'2018-04-12 21:52:06',NULL,NULL,'',3,NULL,NULL,1,'MBF 329',3,808),(809,'2018-04-12 21:52:06',NULL,NULL,'',3,NULL,NULL,1,'MBF 330',3,809),(810,'2018-04-12 21:52:06',NULL,NULL,'',3,NULL,NULL,1,'MBF 331',3,810),(811,'2018-04-12 21:52:06',NULL,NULL,'',3,NULL,NULL,1,'MBF 332',3,811),(812,'2018-04-12 21:52:06',NULL,NULL,'',3,NULL,NULL,1,'MBF 333',3,812),(813,'2018-04-12 21:52:06',NULL,NULL,'',3,NULL,NULL,1,'MBF 334',3,813),(814,'2018-04-12 21:52:06',NULL,NULL,'',3,NULL,NULL,1,'MBF 335',3,814),(815,'2018-04-12 21:52:06',NULL,NULL,'',3,NULL,NULL,1,'MBF 336',3,815),(816,'2018-04-12 21:52:06',NULL,NULL,'',3,NULL,NULL,1,'MBF 337',3,816),(817,'2018-04-12 21:52:06',NULL,NULL,'',3,NULL,NULL,1,'MBF 338',3,817),(818,'2018-04-12 21:52:06',NULL,NULL,'',3,NULL,NULL,1,'MBF 339',3,818),(819,'2018-04-12 21:52:06',NULL,NULL,'',3,NULL,NULL,1,'MBF 340',3,819),(820,'2018-04-12 21:52:06',NULL,NULL,'',3,NULL,NULL,1,'MBF 341',3,820),(821,'2018-04-12 21:52:06',NULL,NULL,'',3,NULL,NULL,1,'MBF 342',3,821),(822,'2018-04-12 21:52:06',NULL,NULL,'',3,NULL,NULL,1,'MBF 343',3,822),(823,'2018-04-12 21:52:06',NULL,NULL,'',3,NULL,NULL,1,'MBF 344',3,823),(824,'2018-04-12 21:52:06',NULL,NULL,'',3,NULL,NULL,1,'MBF 345',3,824),(825,'2018-04-12 21:52:06',NULL,NULL,'',3,NULL,NULL,1,'MBF 346',3,825),(826,'2018-04-12 21:52:06',NULL,NULL,'',3,NULL,NULL,1,'MBF 347',3,826),(827,'2018-04-12 21:52:06',NULL,NULL,'',3,NULL,NULL,1,'MBF 348',3,827),(828,'2018-04-12 21:52:06',NULL,NULL,'',3,NULL,NULL,1,'MBF 349',3,828),(829,'2018-04-12 21:52:06',NULL,NULL,'',3,NULL,NULL,1,'MBF 350',3,829),(830,'2018-04-12 21:52:06',NULL,NULL,'',3,NULL,NULL,1,'MBF 351',3,830),(831,'2018-04-12 21:52:06',NULL,NULL,'',3,NULL,NULL,1,'MBF 352',3,831),(832,'2018-04-12 21:52:06',NULL,NULL,'',3,NULL,NULL,1,'MBF 353',3,832),(833,'2018-04-12 21:52:06',NULL,NULL,'',3,NULL,NULL,1,'MBF 354',3,833),(834,'2018-04-12 21:52:06',NULL,NULL,'',3,NULL,NULL,1,'MBF 355',3,834),(835,'2018-04-12 21:52:06',NULL,NULL,'',3,NULL,NULL,1,'MBF 356',3,835),(836,'2018-04-12 21:52:06',NULL,NULL,'',3,NULL,NULL,1,'MBF 357',3,836),(837,'2018-04-12 21:52:06',NULL,NULL,'',3,NULL,NULL,1,'MBF 358',3,837),(838,'2018-04-12 21:52:06',NULL,NULL,'',3,NULL,NULL,1,'MBF 359',3,838),(839,'2018-04-12 21:52:06',NULL,NULL,'',3,NULL,NULL,1,'MBF 360',3,839),(840,'2018-04-12 21:52:06',NULL,NULL,'',3,NULL,NULL,1,'MBF 361',3,840),(841,'2018-04-12 21:52:06',NULL,NULL,'',3,NULL,NULL,1,'MBF 362',3,841),(842,'2018-04-12 21:52:06',NULL,NULL,'',3,NULL,NULL,1,'MBF 363',3,842),(843,'2018-04-12 21:52:06',NULL,NULL,'',3,NULL,NULL,1,'MBF 364',3,843),(844,'2018-04-12 21:52:06',NULL,NULL,'',3,NULL,NULL,1,'MBF 365',3,844),(845,'2018-04-12 21:52:06',NULL,NULL,'',3,NULL,NULL,1,'MBF 366',3,845),(846,'2018-04-12 21:52:06',NULL,NULL,'',3,NULL,NULL,1,'MBF 367',3,846),(847,'2018-04-12 21:52:06',NULL,NULL,'',3,NULL,NULL,1,'MBF 368',3,847),(848,'2018-04-12 21:52:06',NULL,NULL,'',3,NULL,NULL,1,'MBF 369',3,848),(849,'2018-04-12 21:52:06',NULL,NULL,'',3,NULL,NULL,1,'MBF 370',3,849),(850,'2018-04-12 21:52:06',NULL,NULL,'',3,NULL,NULL,1,'MBF 371',3,850),(851,'2018-04-12 21:52:06',NULL,NULL,'',3,NULL,NULL,1,'MBF 372',3,851),(852,'2018-04-12 21:52:06',NULL,NULL,'',3,NULL,NULL,1,'MBF 373',3,852),(853,'2018-04-12 21:52:06',NULL,NULL,'',3,NULL,NULL,1,'MBF 374',3,853),(854,'2018-04-12 21:52:06',NULL,NULL,'',3,NULL,NULL,1,'MBF 375',3,854),(855,'2018-04-12 21:52:06',NULL,NULL,'',3,NULL,NULL,1,'MBF 376',3,855),(856,'2018-04-12 21:52:06',NULL,NULL,'',3,NULL,NULL,1,'MBF 377',3,856),(857,'2018-04-12 21:52:06',NULL,NULL,'',3,NULL,NULL,1,'MBF 378',3,857),(858,'2018-04-12 21:52:06',NULL,NULL,'',3,NULL,NULL,1,'MBF 379',3,858),(859,'2018-04-12 21:52:06',NULL,NULL,'',3,NULL,NULL,1,'MBF 380',3,859),(860,'2018-04-12 21:52:06',NULL,NULL,'',3,NULL,NULL,1,'MBF 381',3,860),(861,'2018-04-12 21:52:06',NULL,NULL,'',3,NULL,NULL,1,'MBF 382',3,861),(862,'2018-04-12 21:52:06',NULL,NULL,'',3,NULL,NULL,1,'MBF 383',3,862),(863,'2018-04-12 21:52:06',NULL,NULL,'',3,NULL,NULL,1,'MBF 384',3,863),(864,'2018-04-12 21:52:06',NULL,NULL,'',3,NULL,NULL,1,'MBF 385',3,864),(865,'2018-04-12 21:52:06',NULL,NULL,'',3,NULL,NULL,1,'MBF 386',3,865),(866,'2018-04-12 21:52:06',NULL,NULL,'',3,NULL,NULL,1,'MBF 387',3,866),(867,'2018-04-12 21:52:06',NULL,NULL,'',3,NULL,NULL,1,'MBF 388',3,867),(868,'2018-04-12 21:52:06',NULL,NULL,'',3,NULL,NULL,1,'MBF 389',3,868),(869,'2018-04-12 21:52:06',NULL,NULL,'',4,NULL,NULL,1,'MAT 1',4,869),(870,'2018-04-12 21:52:06',NULL,NULL,'',4,NULL,NULL,1,'MAT 2',4,870),(871,'2018-04-12 21:52:06',NULL,NULL,'',4,NULL,NULL,1,'MAT 3',4,871),(872,'2018-04-12 21:52:06',NULL,NULL,'',4,NULL,NULL,1,'MAT 4',4,872),(873,'2018-04-12 21:52:06',NULL,NULL,'',4,NULL,NULL,1,'MAT 5',4,873),(874,'2018-04-12 21:52:06',NULL,NULL,'',4,NULL,NULL,1,'MAT 6',4,874),(875,'2018-04-12 21:52:06',NULL,NULL,'',4,NULL,NULL,1,'MAT 7',4,875),(876,'2018-04-12 21:52:06',NULL,NULL,'',4,NULL,NULL,1,'MAT 8',4,876),(877,'2018-04-12 21:52:06',NULL,NULL,'',4,NULL,NULL,1,'MAT 9',4,877),(878,'2018-04-12 21:52:06',NULL,NULL,'',4,NULL,NULL,1,'MAT 10',4,878),(879,'2018-04-12 21:52:06',NULL,NULL,'',4,NULL,NULL,1,'MAT 11',4,879),(880,'2018-04-12 21:52:06',NULL,NULL,'',4,NULL,NULL,1,'MAT 12',4,880),(881,'2018-04-12 21:52:06',NULL,NULL,'',4,NULL,NULL,1,'MAT 13',4,881),(882,'2018-04-12 21:52:06',NULL,NULL,'',4,NULL,NULL,1,'MAT 14',4,882),(883,'2018-04-12 21:52:06',NULL,NULL,'',4,NULL,NULL,1,'MAT 15',4,883),(884,'2018-04-12 21:52:06',NULL,NULL,'',4,NULL,NULL,1,'MAT 16',4,884),(885,'2018-04-12 21:52:06',NULL,NULL,'',4,NULL,NULL,1,'MAT 17',4,885),(886,'2018-04-12 21:52:06',NULL,NULL,'',4,NULL,NULL,1,'MAT 18',4,886),(887,'2018-04-12 21:52:06',NULL,NULL,'',4,NULL,NULL,1,'MAT 19',4,887),(888,'2018-04-12 21:52:06',NULL,NULL,'',4,NULL,NULL,1,'MAT 20',4,888),(889,'2018-04-12 21:52:06',NULL,NULL,'',4,NULL,NULL,1,'MAT 21',4,889),(890,'2018-04-12 21:52:06',NULL,NULL,'',4,NULL,NULL,1,'MAT 22',4,890),(891,'2018-04-12 21:52:06',NULL,NULL,'',4,NULL,NULL,1,'MAT 23',4,891),(892,'2018-04-12 21:52:06',NULL,NULL,'',4,NULL,NULL,1,'MAT 24',4,892),(893,'2018-04-12 21:52:06',NULL,NULL,'',4,NULL,NULL,1,'MAT 25',4,893),(894,'2018-04-12 21:52:06',NULL,NULL,'',4,NULL,NULL,1,'MAT 26',4,894),(895,'2018-04-12 21:52:06',NULL,NULL,'',4,NULL,NULL,1,'MAT 27',4,895),(896,'2018-04-12 21:52:06',NULL,NULL,'',4,NULL,NULL,1,'MAT 28',4,896),(897,'2018-04-12 21:52:06',NULL,NULL,'',4,NULL,NULL,1,'MAT 29',4,897),(898,'2018-04-12 21:52:06',NULL,NULL,'',4,NULL,NULL,1,'MAT 30',4,898),(899,'2018-04-12 21:52:06',NULL,NULL,'',4,NULL,NULL,1,'MAT 31',4,899),(900,'2018-04-12 21:52:06',NULL,NULL,'',4,NULL,NULL,1,'MAT 32',4,900),(901,'2018-04-12 21:52:06',NULL,NULL,'',4,NULL,NULL,1,'MAT 33',4,901),(902,'2018-04-12 21:52:06',NULL,NULL,'',4,NULL,NULL,1,'MAT 34',4,902),(903,'2018-04-12 21:52:06',NULL,NULL,'',4,NULL,NULL,1,'MAT 35',4,903),(904,'2018-04-12 21:52:06',NULL,NULL,'',4,NULL,NULL,1,'MAT 36',4,904),(905,'2018-04-12 21:52:06',NULL,NULL,'',4,NULL,NULL,1,'MAT 37',4,905),(906,'2018-04-12 21:52:06',NULL,NULL,'',4,NULL,NULL,1,'MAT 38',4,906),(907,'2018-04-12 21:52:06',NULL,NULL,'',4,NULL,NULL,1,'MAT 39',4,907),(908,'2018-04-12 21:52:06',NULL,NULL,'',4,NULL,NULL,1,'MAT 40',4,908),(909,'2018-04-12 21:52:06',NULL,NULL,'',4,NULL,NULL,1,'MAT 41',4,909),(910,'2018-04-12 21:52:06',NULL,NULL,'',4,NULL,NULL,1,'MAT 42',4,910),(911,'2018-04-12 21:52:06',NULL,NULL,'',4,NULL,NULL,1,'MAT 43',4,911),(912,'2018-04-12 21:52:06',NULL,NULL,'',4,NULL,NULL,1,'MAT 44',4,912),(913,'2018-04-12 21:52:06',NULL,NULL,'',4,NULL,NULL,1,'MAT 45',4,913),(914,'2018-04-12 21:52:06',NULL,NULL,'',4,NULL,NULL,1,'MAT 46',4,914),(915,'2018-04-12 21:52:06',NULL,NULL,'',4,NULL,NULL,1,'MAT 47',4,915),(916,'2018-04-12 21:52:06',NULL,NULL,'',4,NULL,NULL,1,'MAT 48',4,916),(917,'2018-04-12 21:52:06',NULL,NULL,'',4,NULL,NULL,1,'MAT 49',4,917),(918,'2018-04-12 21:52:06',NULL,NULL,'',4,NULL,NULL,1,'MAT 50',4,918),(919,'2018-04-12 21:52:06',NULL,NULL,'',4,NULL,NULL,1,'MAT 51',4,919),(920,'2018-04-12 21:52:06',NULL,NULL,'',4,NULL,NULL,1,'MAT 52',4,920),(921,'2018-04-12 21:52:06',NULL,NULL,'',4,NULL,NULL,1,'MAT 53',4,921),(922,'2018-04-12 21:52:06',NULL,NULL,'',4,NULL,NULL,1,'MAT 54',4,922),(923,'2018-04-12 21:52:06',NULL,NULL,'',4,NULL,NULL,1,'MAT 55',4,923),(924,'2018-04-12 21:52:06',NULL,NULL,'',4,NULL,NULL,1,'MAT 56',4,924),(925,'2018-04-12 21:52:06',NULL,NULL,'',4,NULL,NULL,1,'MAT 57',4,925),(926,'2018-04-12 21:52:06',NULL,NULL,'',4,NULL,NULL,1,'MAT 58',4,926),(927,'2018-04-12 21:52:06',NULL,NULL,'',4,NULL,NULL,1,'MAT 59',4,927),(928,'2018-04-12 21:52:06',NULL,NULL,'',4,NULL,NULL,1,'MAT 60',4,928),(929,'2018-04-12 21:52:06',NULL,NULL,'',4,NULL,NULL,1,'MAT 61',4,929),(930,'2018-04-12 21:52:06',NULL,NULL,'',4,NULL,NULL,1,'MAT 62',4,930),(931,'2018-04-12 21:52:06',NULL,NULL,'',4,NULL,NULL,1,'MAT 63',4,931),(932,'2018-04-12 21:52:06',NULL,NULL,'',4,NULL,NULL,1,'MAT 64',4,932),(933,'2018-04-12 21:52:06',NULL,NULL,'',4,NULL,NULL,1,'MAT 65',4,933),(934,'2018-04-12 21:52:06',NULL,NULL,'',4,NULL,NULL,1,'MAT 66',4,934),(935,'2018-04-12 21:52:06',NULL,NULL,'',4,NULL,NULL,1,'MAT 67',4,935),(936,'2018-04-12 21:52:06',NULL,NULL,'',4,NULL,NULL,1,'MAT 68',4,936),(937,'2018-04-12 21:52:06',NULL,NULL,'',4,NULL,NULL,1,'MAT 69',4,937),(938,'2018-04-12 21:52:06',NULL,NULL,'',4,NULL,NULL,1,'MAT 70',4,938),(939,'2018-04-12 21:52:06',NULL,NULL,'',4,NULL,NULL,1,'MAT 71',4,939),(940,'2018-04-12 21:52:06',NULL,NULL,'',4,NULL,NULL,1,'MAT 72',4,940),(941,'2018-04-12 21:52:06',NULL,NULL,'',4,NULL,NULL,1,'MAT 73',4,941),(942,'2018-04-12 21:52:06',NULL,NULL,'',4,NULL,NULL,1,'MAT 74',4,942),(943,'2018-04-12 21:52:06',NULL,NULL,'',4,NULL,NULL,1,'MAT 75',4,943),(944,'2018-04-12 21:52:06',NULL,NULL,'',4,NULL,NULL,1,'MAT 76',4,944),(945,'2018-04-12 21:52:06',NULL,NULL,'',4,NULL,NULL,1,'MAT 77',4,945),(946,'2018-04-12 21:52:06',NULL,NULL,'',4,NULL,NULL,1,'MAT 78',4,946),(947,'2018-04-12 21:52:06',NULL,NULL,'',4,NULL,NULL,1,'MAT 79',4,947),(948,'2018-04-12 21:52:06',NULL,NULL,'',4,NULL,NULL,1,'MAT 80',4,948),(949,'2018-04-12 21:52:06',NULL,NULL,'',4,NULL,NULL,1,'MAT 81',4,949),(950,'2018-04-12 21:52:06',NULL,NULL,'',4,NULL,NULL,1,'MAT 82',4,950),(951,'2018-04-12 21:52:06',NULL,NULL,'',4,NULL,NULL,1,'MAT 83',4,951),(952,'2018-04-12 21:52:06',NULL,NULL,'',4,NULL,NULL,1,'MAT 84',4,952),(953,'2018-04-12 21:52:06',NULL,NULL,'',4,NULL,NULL,1,'MAT 85',4,953),(954,'2018-04-12 21:52:06',NULL,NULL,'',4,NULL,NULL,1,'MAT 86',4,954),(955,'2018-04-12 21:52:06',NULL,NULL,'',4,NULL,NULL,1,'MAT 87',4,955),(956,'2018-04-12 21:52:06',NULL,NULL,'',4,NULL,NULL,1,'MAT 88',4,956),(957,'2018-04-12 21:52:06',NULL,NULL,'',4,NULL,NULL,1,'MAT 89',4,957),(958,'2018-04-12 21:52:06',NULL,NULL,'',4,NULL,NULL,1,'MAT 90',4,958),(959,'2018-04-12 21:52:06',NULL,NULL,'',4,NULL,NULL,1,'MAT 91',4,959),(960,'2018-04-12 21:52:06',NULL,NULL,'',4,NULL,NULL,1,'MAT 92',4,960),(961,'2018-04-12 21:52:06',NULL,NULL,'',4,NULL,NULL,1,'MAT 93',4,961),(962,'2018-04-12 21:52:06',NULL,NULL,'',4,NULL,NULL,1,'MAT 94',4,962),(963,'2018-04-12 21:52:06',NULL,NULL,'',4,NULL,NULL,1,'MAT 95',4,963),(964,'2018-04-12 21:52:06',NULL,NULL,'',4,NULL,NULL,1,'MAT 96',4,964),(965,'2018-04-12 21:52:06',NULL,NULL,'',4,NULL,NULL,1,'MAT 97',4,965),(966,'2018-04-12 21:52:06',NULL,NULL,'',4,NULL,NULL,1,'MAT 98',4,966),(967,'2018-04-12 21:52:06',NULL,NULL,'',4,NULL,NULL,1,'MAT 99',4,967),(968,'2018-04-12 21:52:06',NULL,NULL,'',4,NULL,NULL,1,'MAT 100',4,968),(969,'2018-04-12 21:52:06',NULL,NULL,'',4,NULL,NULL,1,'MAT 101',4,969),(970,'2018-04-12 21:52:06',NULL,NULL,'',4,NULL,NULL,1,'MAT 102',4,970),(971,'2018-04-12 21:52:06',NULL,NULL,'',4,NULL,NULL,1,'MAT 103',4,971),(972,'2018-04-12 21:52:06',NULL,NULL,'',4,NULL,NULL,1,'MAT 104',4,972),(973,'2018-04-12 21:52:06',NULL,NULL,'',4,NULL,NULL,1,'MAT 105',4,973),(974,'2018-04-12 21:52:06',NULL,NULL,'',4,NULL,NULL,1,'MAT 106',4,974),(975,'2018-04-12 21:52:06',NULL,NULL,'',4,NULL,NULL,1,'MAT 107',4,975),(976,'2018-04-12 21:52:06',NULL,NULL,'',4,NULL,NULL,1,'MAT 108',4,976),(977,'2018-04-12 21:52:06',NULL,NULL,'',4,NULL,NULL,1,'MAT 109',4,977),(978,'2018-04-12 21:52:06',NULL,NULL,'',4,NULL,NULL,1,'MAT 110',4,978),(979,'2018-04-12 21:52:06',NULL,NULL,'',4,NULL,NULL,1,'MAT 111',4,979),(980,'2018-04-12 21:52:06',NULL,NULL,'',4,NULL,NULL,1,'MAT 112',4,980),(981,'2018-04-12 21:52:06',NULL,NULL,'',4,NULL,NULL,1,'MAT 113',4,981),(982,'2018-04-12 21:52:06',NULL,NULL,'',4,NULL,NULL,1,'MAT 114',4,982),(983,'2018-04-12 21:52:06',NULL,NULL,'',4,NULL,NULL,1,'MAT 115',4,983),(984,'2018-04-12 21:52:06',NULL,NULL,'',4,NULL,NULL,1,'MAT 116',4,984),(985,'2018-04-12 21:52:06',NULL,NULL,'',4,NULL,NULL,1,'MAT 117',4,985),(986,'2018-04-12 21:52:06',NULL,NULL,'',4,NULL,NULL,1,'MAT 118',4,986),(987,'2018-04-12 21:52:06',NULL,NULL,'',4,NULL,NULL,1,'MAT 119',4,987),(988,'2018-04-12 21:52:06',NULL,NULL,'',4,NULL,NULL,1,'MAT 120',4,988),(989,'2018-04-12 21:52:06',NULL,NULL,'',4,NULL,NULL,1,'MAT 121',4,989),(990,'2018-04-12 21:52:06',NULL,NULL,'',4,NULL,NULL,1,'MAT 122',4,990),(991,'2018-04-12 21:52:06',NULL,NULL,'',4,NULL,NULL,1,'MAT 123',4,991),(992,'2018-04-12 21:52:06',NULL,NULL,'',4,NULL,NULL,1,'MAT 124',4,992),(993,'2018-04-12 21:52:06',NULL,NULL,'',4,NULL,NULL,1,'MAT 125',4,993),(994,'2018-04-12 21:52:06',NULL,NULL,'',4,NULL,NULL,1,'MAT 126',4,994),(995,'2018-04-12 21:52:06',NULL,NULL,'',4,NULL,NULL,1,'MAT 127',4,995),(996,'2018-04-12 21:52:06',NULL,NULL,'',4,NULL,NULL,1,'MAT 128',4,996),(997,'2018-04-12 21:52:06',NULL,NULL,'',4,NULL,NULL,1,'MAT 129',4,997),(998,'2018-04-12 21:52:06',NULL,NULL,'',4,NULL,NULL,1,'MAT 130',4,998),(999,'2018-04-12 21:52:06',NULL,NULL,'',4,NULL,NULL,1,'MAT 131',4,999),(1000,'2018-04-12 21:52:06',NULL,NULL,'',4,NULL,NULL,1,'MAT 132',4,1000),(1001,'2018-04-12 21:52:06',NULL,NULL,'',4,NULL,NULL,1,'MAT 133',4,1001),(1002,'2018-04-12 21:52:06',NULL,NULL,'',4,NULL,NULL,1,'MAT 134',4,1002),(1003,'2018-04-12 21:52:06',NULL,NULL,'',4,NULL,NULL,1,'MAT 135',4,1003),(1004,'2018-04-12 21:52:06',NULL,NULL,'',4,NULL,NULL,1,'MAT 136',4,1004),(1005,'2018-04-12 21:52:06',NULL,NULL,'',4,NULL,NULL,1,'MAT 137',4,1005),(1006,'2018-04-12 21:52:06',NULL,NULL,'',4,NULL,NULL,1,'MAT 138',4,1006),(1007,'2018-04-12 21:52:06',NULL,NULL,'',4,NULL,NULL,1,'MAT 139',4,1007),(1008,'2018-04-12 21:52:06',NULL,NULL,'',4,NULL,NULL,1,'MAT 140',4,1008),(1009,'2018-04-12 21:52:06',NULL,NULL,'',4,NULL,NULL,1,'MAT 141',4,1009),(1010,'2018-04-12 21:52:06',NULL,NULL,'',4,NULL,NULL,1,'MAT 142',4,1010),(1011,'2018-04-12 21:52:06',NULL,NULL,'',4,NULL,NULL,1,'MAT 143',4,1011),(1012,'2018-04-12 21:52:06',NULL,NULL,'',4,NULL,NULL,1,'MAT 144',4,1012),(1013,'2018-04-12 21:52:06',NULL,NULL,'',4,NULL,NULL,1,'MAT 145',4,1013),(1014,'2018-04-12 21:52:06',NULL,NULL,'',4,NULL,NULL,1,'MAT 146',4,1014),(1015,'2018-04-12 21:52:06',NULL,NULL,'',4,NULL,NULL,1,'MAT 147',4,1015),(1016,'2018-04-12 21:52:06',NULL,NULL,'',4,NULL,NULL,1,'MAT 148',4,1016),(1017,'2018-04-12 21:52:06',NULL,NULL,'',4,NULL,NULL,1,'MAT 149',4,1017),(1018,'2018-04-12 21:52:06',NULL,NULL,'',5,NULL,NULL,1,'MH 1',5,1018),(1019,'2018-04-12 21:52:06',NULL,NULL,'',5,NULL,NULL,1,'MH 2',5,1019),(1020,'2018-04-12 21:52:06',NULL,NULL,'',5,NULL,NULL,1,'MH 3',5,1020),(1021,'2018-04-12 21:52:06',NULL,NULL,'',5,NULL,NULL,1,'MH 4',5,1021),(1022,'2018-04-12 21:52:06',NULL,NULL,'',5,NULL,NULL,1,'MH 5',5,1022),(1023,'2018-04-12 21:52:06',NULL,NULL,'',5,NULL,NULL,1,'MH 6',5,1023),(1024,'2018-04-12 21:52:06',NULL,NULL,'',5,NULL,NULL,1,'MH 7',5,1024),(1025,'2018-04-12 21:52:06',NULL,NULL,'',5,NULL,NULL,1,'MH 8',5,1025),(1026,'2018-04-12 21:52:06',NULL,NULL,'',5,NULL,NULL,1,'MH 9',5,1026),(1027,'2018-04-12 21:52:06',NULL,NULL,'',5,NULL,NULL,1,'MH 10',5,1027),(1028,'2018-04-12 21:52:06',NULL,NULL,'',5,NULL,NULL,1,'MH 11',5,1028),(1029,'2018-04-12 21:52:06',NULL,NULL,'',5,NULL,NULL,1,'MH 12',5,1029),(1030,'2018-04-12 21:52:06',NULL,NULL,'',5,NULL,NULL,1,'MH 13',5,1030),(1031,'2018-04-12 21:52:06',NULL,NULL,'',5,NULL,NULL,1,'MH 14',5,1031),(1032,'2018-04-12 21:52:06',NULL,NULL,'',5,NULL,NULL,1,'MH 15',5,1032),(1033,'2018-04-12 21:52:06',NULL,NULL,'',5,NULL,NULL,1,'MH 16',5,1033),(1034,'2018-04-12 21:52:06',NULL,NULL,'',5,NULL,NULL,1,'MH 17',5,1034),(1035,'2018-04-12 21:52:06',NULL,NULL,'',5,NULL,NULL,1,'MH 18',5,1035),(1036,'2018-04-12 21:52:06',NULL,NULL,'',5,NULL,NULL,1,'MH 19',5,1036),(1037,'2018-04-12 21:52:06',NULL,NULL,'',5,NULL,NULL,1,'MH 20',5,1037),(1038,'2018-04-12 21:52:06',NULL,NULL,'',5,NULL,NULL,1,'MH 21',5,1038),(1039,'2018-04-12 21:52:06',NULL,NULL,'',5,NULL,NULL,1,'MH 22',5,1039),(1040,'2018-04-12 21:52:06',NULL,NULL,'',5,NULL,NULL,1,'MH 23',5,1040),(1041,'2018-04-12 21:52:06',NULL,NULL,'',5,NULL,NULL,1,'MH 24',5,1041),(1042,'2018-04-12 21:52:06',NULL,NULL,'',5,NULL,NULL,1,'MH 25',5,1042),(1043,'2018-04-12 21:52:06',NULL,NULL,'',5,NULL,NULL,1,'MH 26',5,1043),(1044,'2018-04-12 21:52:06',NULL,NULL,'',5,NULL,NULL,1,'MH 27',5,1044),(1045,'2018-04-12 21:52:06',NULL,NULL,'',5,NULL,NULL,1,'MH 28',5,1045),(1046,'2018-04-12 21:52:06',NULL,NULL,'',5,NULL,NULL,1,'MH 29',5,1046),(1047,'2018-04-12 21:52:06',NULL,NULL,'',5,NULL,NULL,1,'MH 30',5,1047),(1048,'2018-04-12 21:52:06',NULL,NULL,'',5,NULL,NULL,1,'MH 31',5,1048),(1049,'2018-04-12 21:52:06',NULL,NULL,'',5,NULL,NULL,1,'MH 32',5,1049),(1050,'2018-04-12 21:52:06',NULL,NULL,'',5,NULL,NULL,1,'MH 33',5,1050),(1051,'2018-04-12 21:52:06',NULL,NULL,'',5,NULL,NULL,1,'MH 34',5,1051),(1052,'2018-04-12 21:52:06',NULL,NULL,'',5,NULL,NULL,1,'MH 35',5,1052),(1053,'2018-04-12 21:52:06',NULL,NULL,'',5,NULL,NULL,1,'MH 36',5,1053),(1054,'2018-04-12 21:52:06',NULL,NULL,'',5,NULL,NULL,1,'MH 37',5,1054),(1055,'2018-04-12 21:52:06',NULL,NULL,'',5,NULL,NULL,1,'MH 38',5,1055),(1056,'2018-04-12 21:52:06',NULL,NULL,'',5,NULL,NULL,1,'MH 39',5,1056),(1057,'2018-04-12 21:52:06',NULL,NULL,'',5,NULL,NULL,1,'MH 40',5,1057),(1058,'2018-04-12 21:52:06',NULL,NULL,'',5,NULL,NULL,1,'MH 41',5,1058),(1059,'2018-04-12 21:52:06',NULL,NULL,'',5,NULL,NULL,1,'MH 42',5,1059),(1060,'2018-04-12 21:52:06',NULL,NULL,'',5,NULL,NULL,1,'MH 43',5,1060),(1061,'2018-04-12 21:52:06',NULL,NULL,'',5,NULL,NULL,1,'MH 44',5,1061),(1062,'2018-04-12 21:52:06',NULL,NULL,'',5,NULL,NULL,1,'MH 45',5,1062),(1063,'2018-04-12 21:52:06',NULL,NULL,'',5,NULL,NULL,1,'MH 46',5,1063),(1064,'2018-04-12 21:52:06',NULL,NULL,'',5,NULL,NULL,1,'MH 47',5,1064),(1065,'2018-04-12 21:52:06',NULL,NULL,'',5,NULL,NULL,1,'MH 48',5,1065),(1066,'2018-04-12 21:52:06',NULL,NULL,'',5,NULL,NULL,1,'MH 49',5,1066),(1067,'2018-04-12 21:52:06',NULL,NULL,'',5,NULL,NULL,1,'MH 50',5,1067),(1068,'2018-04-12 21:52:06',NULL,NULL,'',5,NULL,NULL,1,'MH 51',5,1068),(1069,'2018-04-12 21:52:06',NULL,NULL,'',5,NULL,NULL,1,'MH 52',5,1069),(1070,'2018-04-12 21:52:06',NULL,NULL,'',5,NULL,NULL,1,'MH 53',5,1070),(1071,'2018-04-12 21:52:06',NULL,NULL,'',5,NULL,NULL,1,'MH 54',5,1071),(1072,'2018-04-12 21:52:06',NULL,NULL,'',5,NULL,NULL,1,'MH 55',5,1072),(1073,'2018-04-12 21:52:06',NULL,NULL,'',5,NULL,NULL,1,'MH 56',5,1073),(1074,'2018-04-12 21:52:06',NULL,NULL,'',5,NULL,NULL,1,'MH 57',5,1074),(1075,'2018-04-12 21:52:06',NULL,NULL,'',5,NULL,NULL,1,'MH 58',5,1075),(1076,'2018-04-12 21:52:06',NULL,NULL,'',5,NULL,NULL,1,'MH 59',5,1076),(1077,'2018-04-12 21:52:06',NULL,NULL,'',5,NULL,NULL,1,'MH 60',5,1077),(1078,'2018-04-12 21:52:06',NULL,NULL,'',5,NULL,NULL,1,'MH 61',5,1078),(1079,'2018-04-12 21:52:06',NULL,NULL,'',5,NULL,NULL,1,'MH 62',5,1079),(1080,'2018-04-12 21:52:06',NULL,NULL,'',5,NULL,NULL,1,'MH 63',5,1080),(1081,'2018-04-12 21:52:06',NULL,NULL,'',5,NULL,NULL,1,'MH 64',5,1081),(1082,'2018-04-12 21:52:06',NULL,NULL,'',5,NULL,NULL,1,'MH 65',5,1082);
/*!40000 ALTER TABLE `contract` ENABLE KEYS */;
UNLOCK TABLES;

--
-- Table structure for table `counter_history`
--

DROP TABLE IF EXISTS `counter_history`;
/*!40101 SET @saved_cs_client     = @@character_set_client */;
/*!40101 SET character_set_client = utf8 */;
CREATE TABLE `counter_history` (
  `id` bigint(20) NOT NULL AUTO_INCREMENT,
  `insert_date` datetime DEFAULT NULL,
  `update_date` datetime DEFAULT NULL,
  `user_id` bigint(20) DEFAULT NULL,
  `consumption` bigint(20) DEFAULT NULL,
  `contract_unique_code` varchar(255) DEFAULT NULL,
  PRIMARY KEY (`id`)
) ENGINE=MyISAM DEFAULT CHARSET=utf8;
/*!40101 SET character_set_client = @saved_cs_client */;

--
-- Dumping data for table `counter_history`
--

LOCK TABLES `counter_history` WRITE;
/*!40000 ALTER TABLE `counter_history` DISABLE KEYS */;
/*!40000 ALTER TABLE `counter_history` ENABLE KEYS */;
UNLOCK TABLES;

--
-- Table structure for table `diesel_log`
--

DROP TABLE IF EXISTS `diesel_log`;
/*!40101 SET @saved_cs_client     = @@character_set_client */;
/*!40101 SET character_set_client = utf8 */;
CREATE TABLE `diesel_log` (
  `id` bigint(20) NOT NULL AUTO_INCREMENT,
  `insert_date` datetime DEFAULT NULL,
  `update_date` datetime DEFAULT NULL,
  `user_id` bigint(20) DEFAULT NULL,
  `amount` double DEFAULT NULL,
  `description` varchar(255) DEFAULT NULL,
  `diesel_amount` double DEFAULT NULL,
  `maintenace_log_id` bigint(20) DEFAULT NULL,
  PRIMARY KEY (`id`)
) ENGINE=MyISAM DEFAULT CHARSET=utf8;
/*!40101 SET character_set_client = @saved_cs_client */;

--
-- Dumping data for table `diesel_log`
--

LOCK TABLES `diesel_log` WRITE;
/*!40000 ALTER TABLE `diesel_log` DISABLE KEYS */;
/*!40000 ALTER TABLE `diesel_log` ENABLE KEYS */;
UNLOCK TABLES;

--
-- Table structure for table `employee`
--

DROP TABLE IF EXISTS `employee`;
/*!40101 SET @saved_cs_client     = @@character_set_client */;
/*!40101 SET character_set_client = utf8 */;
CREATE TABLE `employee` (
  `id` bigint(20) NOT NULL AUTO_INCREMENT,
  `insert_date` datetime DEFAULT NULL,
  `update_date` datetime DEFAULT NULL,
  `user_id` bigint(20) DEFAULT NULL,
  `father_name` varchar(255) DEFAULT NULL,
  `identifier` varchar(255) DEFAULT NULL,
  `last_name` varchar(255) DEFAULT NULL,
  `name` varchar(255) DEFAULT NULL,
  `is_active` bit(1) DEFAULT NULL,
  `salary` bigint(20) DEFAULT NULL,
  `employee_type_id` bigint(20) DEFAULT NULL,
  PRIMARY KEY (`id`),
  KEY `FKks0jnjwhw9tjwa2b1l0klv1fb` (`employee_type_id`)
) ENGINE=MyISAM DEFAULT CHARSET=utf8;
/*!40101 SET character_set_client = @saved_cs_client */;

--
-- Dumping data for table `employee`
--

LOCK TABLES `employee` WRITE;
/*!40000 ALTER TABLE `employee` DISABLE KEYS */;
/*!40000 ALTER TABLE `employee` ENABLE KEYS */;
UNLOCK TABLES;

--
-- Table structure for table `employee_information`
--

DROP TABLE IF EXISTS `employee_information`;
/*!40101 SET @saved_cs_client     = @@character_set_client */;
/*!40101 SET character_set_client = utf8 */;
CREATE TABLE `employee_information` (
  `id` bigint(20) NOT NULL,
  `id_village` bigint(20) DEFAULT NULL,
  `address` varchar(255) DEFAULT NULL,
  `region` varchar(255) DEFAULT NULL,
  `alternative_phone` varchar(255) DEFAULT NULL,
  `email` varchar(255) DEFAULT NULL,
  `land_line` varchar(255) DEFAULT NULL,
  `main_phone` varchar(255) DEFAULT NULL,
  PRIMARY KEY (`id`)
) ENGINE=MyISAM DEFAULT CHARSET=utf8;
/*!40101 SET character_set_client = @saved_cs_client */;

--
-- Dumping data for table `employee_information`
--

LOCK TABLES `employee_information` WRITE;
/*!40000 ALTER TABLE `employee_information` DISABLE KEYS */;
/*!40000 ALTER TABLE `employee_information` ENABLE KEYS */;
UNLOCK TABLES;

--
-- Table structure for table `employee_type`
--

DROP TABLE IF EXISTS `employee_type`;
/*!40101 SET @saved_cs_client     = @@character_set_client */;
/*!40101 SET character_set_client = utf8 */;
CREATE TABLE `employee_type` (
  `id` bigint(20) NOT NULL AUTO_INCREMENT,
  `insert_date` datetime DEFAULT NULL,
  `update_date` datetime DEFAULT NULL,
  `user_id` bigint(20) DEFAULT NULL,
  `name` varchar(255) DEFAULT NULL,
  PRIMARY KEY (`id`)
) ENGINE=MyISAM DEFAULT CHARSET=utf8;
/*!40101 SET character_set_client = @saved_cs_client */;

--
-- Dumping data for table `employee_type`
--

LOCK TABLES `employee_type` WRITE;
/*!40000 ALTER TABLE `employee_type` DISABLE KEYS */;
/*!40000 ALTER TABLE `employee_type` ENABLE KEYS */;
UNLOCK TABLES;

--
-- Table structure for table `engine`
--

DROP TABLE IF EXISTS `engine`;
/*!40101 SET @saved_cs_client     = @@character_set_client */;
/*!40101 SET character_set_client = utf8 */;
CREATE TABLE `engine` (
  `id` bigint(20) NOT NULL AUTO_INCREMENT,
  `insert_date` datetime DEFAULT NULL,
  `update_date` datetime DEFAULT NULL,
  `user_id` bigint(20) DEFAULT NULL,
  `id_village` bigint(20) DEFAULT NULL,
  `address` varchar(255) DEFAULT NULL,
  `region` varchar(255) DEFAULT NULL,
  `diesel_consumption` double DEFAULT NULL,
  `kva` int(11) DEFAULT NULL,
  `name` varchar(255) DEFAULT NULL,
  PRIMARY KEY (`id`)
) ENGINE=MyISAM AUTO_INCREMENT=6 DEFAULT CHARSET=utf8;
/*!40101 SET character_set_client = @saved_cs_client */;

--
-- Dumping data for table `engine`
--

LOCK TABLES `engine` WRITE;
/*!40000 ALTER TABLE `engine` DISABLE KEYS */;
INSERT INTO `engine` VALUES (1,'2018-04-18 01:36:53','2018-04-18 01:36:53',NULL,1,'','',NULL,NULL,'مولد البغلة'),(2,'2018-04-18 01:37:08','2018-04-18 01:37:08',NULL,2,'','',NULL,NULL,'مولد السفيرة الضيعة'),(3,'2018-04-18 01:37:17','2018-04-18 01:37:17',NULL,3,'','',NULL,NULL,'مولد بيت الفقس'),(4,'2018-04-18 01:37:27','2018-04-18 01:37:27',NULL,4,'','',NULL,NULL,'مولد عين التنية'),(5,'2018-04-18 01:37:38','2018-04-18 01:37:38',NULL,5,'','',NULL,NULL,'مولد الحازمية');
/*!40000 ALTER TABLE `engine` ENABLE KEYS */;
UNLOCK TABLES;

--
-- Table structure for table `expenses_log`
--

DROP TABLE IF EXISTS `expenses_log`;
/*!40101 SET @saved_cs_client     = @@character_set_client */;
/*!40101 SET character_set_client = utf8 */;
CREATE TABLE `expenses_log` (
  `id` bigint(20) NOT NULL AUTO_INCREMENT,
  `insert_date` datetime DEFAULT NULL,
  `update_date` datetime DEFAULT NULL,
  `user_id` bigint(20) DEFAULT NULL,
  `amount` double DEFAULT NULL,
  `description` varchar(255) DEFAULT NULL,
  `diesel_consumption` int(11) DEFAULT NULL,
  `employee` bigint(20) DEFAULT NULL,
  `engine` bigint(20) DEFAULT NULL,
  `maintenace_type` varchar(255) DEFAULT NULL,
  `note` longtext,
  `oil_consumption` int(11) DEFAULT NULL,
  PRIMARY KEY (`id`)
) ENGINE=MyISAM DEFAULT CHARSET=utf8;
/*!40101 SET character_set_client = @saved_cs_client */;

--
-- Dumping data for table `expenses_log`
--

LOCK TABLES `expenses_log` WRITE;
/*!40000 ALTER TABLE `expenses_log` DISABLE KEYS */;
/*!40000 ALTER TABLE `expenses_log` ENABLE KEYS */;
UNLOCK TABLES;

--
-- Table structure for table `out_expenses_log`
--

DROP TABLE IF EXISTS `out_expenses_log`;
/*!40101 SET @saved_cs_client     = @@character_set_client */;
/*!40101 SET character_set_client = utf8 */;
CREATE TABLE `out_expenses_log` (
  `id` bigint(20) NOT NULL AUTO_INCREMENT,
  `insert_date` datetime DEFAULT NULL,
  `update_date` datetime DEFAULT NULL,
  `user_id` bigint(20) DEFAULT NULL,
  `amount` double DEFAULT NULL,
  `description` varchar(255) DEFAULT NULL,
  `employee` bigint(20) DEFAULT NULL,
  `note` longtext,
  PRIMARY KEY (`id`)
) ENGINE=MyISAM DEFAULT CHARSET=utf8;
/*!40101 SET character_set_client = @saved_cs_client */;

--
-- Dumping data for table `out_expenses_log`
--

LOCK TABLES `out_expenses_log` WRITE;
/*!40000 ALTER TABLE `out_expenses_log` DISABLE KEYS */;
/*!40000 ALTER TABLE `out_expenses_log` ENABLE KEYS */;
UNLOCK TABLES;

--
-- Table structure for table `subscriber`
--

DROP TABLE IF EXISTS `subscriber`;
/*!40101 SET @saved_cs_client     = @@character_set_client */;
/*!40101 SET character_set_client = utf8 */;
CREATE TABLE `subscriber` (
  `id` bigint(20) NOT NULL AUTO_INCREMENT,
  `insert_date` datetime NOT NULL,
  `update_date` datetime DEFAULT NULL,
  `user_id` bigint(20) DEFAULT NULL,
  `father_name` varchar(255) DEFAULT NULL,
  `identifier` varchar(255) DEFAULT NULL,
  `last_name` varchar(255) DEFAULT NULL,
  `name` varchar(255) DEFAULT NULL,
  PRIMARY KEY (`id`)
) ENGINE=MyISAM AUTO_INCREMENT=1083 DEFAULT CHARSET=utf8;
/*!40101 SET character_set_client = @saved_cs_client */;

--
-- Dumping data for table `subscriber`
--

LOCK TABLES `subscriber` WRITE;
/*!40000 ALTER TABLE `subscriber` DISABLE KEYS */;
INSERT INTO `subscriber` VALUES (1,'2018-04-18 02:35:38',NULL,NULL,NULL,'توفيق رضوان هرموش',NULL,'توفيق رضوان هرموش'),(2,'2018-04-18 02:35:38',NULL,NULL,NULL,'الشيخ محمود عبود',NULL,'الشيخ محمود عبود'),(3,'2018-04-18 02:35:38',NULL,NULL,NULL,'خالد رضوان هرموش',NULL,'خالد رضوان هرموش'),(4,'2018-04-18 02:35:38',NULL,NULL,NULL,'علي المير',NULL,'علي المير'),(5,'2018-04-18 02:35:38',NULL,NULL,NULL,'وليد المير',NULL,'وليد المير'),(6,'2018-04-18 02:35:38',NULL,NULL,NULL,'عمر المير',NULL,'عمر المير'),(7,'2018-04-18 02:35:38',NULL,NULL,NULL,'خالد يخني (محل)',NULL,'خالد يخني (محل)'),(8,'2018-04-18 02:35:38',NULL,NULL,NULL,'عمر خليل حسون',NULL,'عمر خليل حسون'),(9,'2018-04-18 02:35:38',NULL,NULL,NULL,'محمود مصطفى هرموش',NULL,'محمود مصطفى هرموش'),(10,'2018-04-18 02:35:38',NULL,NULL,NULL,'علا هرموش',NULL,'علا هرموش'),(11,'2018-04-18 02:35:38',NULL,NULL,NULL,'محمد عبد اللطيف هرموش',NULL,'محمد عبد اللطيف هرموش'),(12,'2018-04-18 02:35:38',NULL,NULL,NULL,'ابو رعد اليخني',NULL,'ابو رعد اليخني'),(13,'2018-04-18 02:35:38',NULL,NULL,NULL,'ابو حمد اليخني (1)',NULL,'ابو حمد اليخني (1)'),(14,'2018-04-18 02:35:38',NULL,NULL,NULL,'محمد عبد الحميد اليخني',NULL,'محمد عبد الحميد اليخني'),(15,'2018-04-18 02:35:38',NULL,NULL,NULL,'محمد علي يخني (ابو علي)',NULL,'محمد علي يخني (ابو علي)'),(16,'2018-04-18 02:35:38',NULL,NULL,NULL,'سوري احمد علي شينو',NULL,'سوري احمد علي شينو'),(17,'2018-04-18 02:35:38',NULL,NULL,NULL,'سوري محمد مرعي',NULL,'سوري محمد مرعي'),(18,'2018-04-18 02:35:38',NULL,NULL,NULL,'خضر ملحم',NULL,'خضر ملحم'),(19,'2018-04-18 02:35:38',NULL,NULL,NULL,'مصطفى ملحم',NULL,'مصطفى ملحم'),(20,'2018-04-18 02:35:38',NULL,NULL,NULL,'مدحت ملحم',NULL,'مدحت ملحم'),(21,'2018-04-18 02:35:38',NULL,NULL,NULL,'ابو صالح ملحم',NULL,'ابو صالح ملحم'),(22,'2018-04-18 02:35:38',NULL,NULL,NULL,'حسين ملحم',NULL,'حسين ملحم'),(23,'2018-04-18 02:35:38',NULL,NULL,NULL,'محمد ملحم',NULL,'محمد ملحم'),(24,'2018-04-18 02:35:38',NULL,NULL,NULL,'سوري عند احمد ملحم',NULL,'سوري عند احمد ملحم'),(25,'2018-04-18 02:35:38',NULL,NULL,NULL,'بكر اليخني',NULL,'بكر اليخني'),(26,'2018-04-18 02:35:38',NULL,NULL,NULL,'سوري مروان المعبق',NULL,'سوري مروان المعبق'),(27,'2018-04-18 02:35:38',NULL,NULL,NULL,'مسعود محمد يخني',NULL,'مسعود محمد يخني'),(28,'2018-04-18 02:35:38',NULL,NULL,NULL,'علي خضر ملحم',NULL,'علي خضر ملحم'),(29,'2018-04-18 02:35:38',NULL,NULL,NULL,'مسعود اليخني',NULL,'مسعود اليخني'),(30,'2018-04-18 02:35:38',NULL,NULL,NULL,'صالح ملحم',NULL,'صالح ملحم'),(31,'2018-04-18 02:35:38',NULL,NULL,NULL,'ابراهيم ناصر',NULL,'ابراهيم ناصر'),(32,'2018-04-18 02:35:38',NULL,NULL,NULL,'جمال ناصر',NULL,'جمال ناصر'),(33,'2018-04-18 02:35:38',NULL,NULL,NULL,'وسيم كريم',NULL,'وسيم كريم'),(34,'2018-04-18 02:35:38',NULL,NULL,NULL,'علي كريم',NULL,'علي كريم'),(35,'2018-04-18 02:35:38',NULL,NULL,NULL,'سوري عند احمد حسن لاغا',NULL,'سوري عند احمد حسن لاغا'),(36,'2018-04-18 02:35:38',NULL,NULL,NULL,'سوري عند بيت ناصر',NULL,'سوري عند بيت ناصر'),(37,'2018-04-18 02:35:38',NULL,NULL,NULL,'نهاد اليخني',NULL,'نهاد اليخني'),(38,'2018-04-18 02:35:38',NULL,NULL,NULL,'فؤاد اليخني',NULL,'فؤاد اليخني'),(39,'2018-04-18 02:35:38',NULL,NULL,NULL,'علي احمد اليخني',NULL,'علي احمد اليخني'),(40,'2018-04-18 02:35:38',NULL,NULL,NULL,'محمد علي اليخني',NULL,'محمد علي اليخني'),(41,'2018-04-18 02:35:38',NULL,NULL,NULL,'مصطفى اليخني',NULL,'مصطفى اليخني'),(42,'2018-04-18 02:35:38',NULL,NULL,NULL,'سوري عند راسم اليخني',NULL,'سوري عند راسم اليخني'),(43,'2018-04-18 02:35:38',NULL,NULL,NULL,'ابو حمد اليخني (2)',NULL,'ابو حمد اليخني (2)'),(44,'2018-04-18 02:35:38',NULL,NULL,NULL,'احمد مصطفى يخني',NULL,'احمد مصطفى يخني'),(45,'2018-04-18 02:35:38',NULL,NULL,NULL,'الاستاذ احمد اليخني',NULL,'الاستاذ احمد اليخني'),(46,'2018-04-18 02:35:38',NULL,NULL,NULL,'الشيخ فيصل',NULL,'الشيخ فيصل'),(47,'2018-04-18 02:35:38',NULL,NULL,NULL,'حجة جميلة يخني',NULL,'حجة جميلة يخني'),(48,'2018-04-18 02:35:38',NULL,NULL,NULL,'علي مصطفى يخني',NULL,'علي مصطفى يخني'),(49,'2018-04-18 02:35:38',NULL,NULL,NULL,'محمود حسين كريم',NULL,'محمود حسين كريم'),(50,'2018-04-18 02:35:38',NULL,NULL,NULL,'محمد احمد كريم',NULL,'محمد احمد كريم'),(51,'2018-04-18 02:35:38',NULL,NULL,NULL,'علي ضاهر',NULL,'علي ضاهر'),(52,'2018-04-18 02:35:38',NULL,NULL,NULL,'صفوان ضاهر',NULL,'صفوان ضاهر'),(53,'2018-04-18 02:35:38',NULL,NULL,NULL,'غازي ضاهر',NULL,'غازي ضاهر'),(54,'2018-04-18 02:35:38',NULL,NULL,NULL,'محمود عثمان',NULL,'محمود عثمان'),(55,'2018-04-18 02:35:38',NULL,NULL,NULL,'احمد عبد الحليم (البغلة)',NULL,'احمد عبد الحليم (البغلة)'),(56,'2018-04-18 02:35:38',NULL,NULL,NULL,'عمر عثمان',NULL,'عمر عثمان'),(57,'2018-04-18 02:35:38',NULL,NULL,NULL,'سوري عند ابو رمزي ناصر',NULL,'سوري عند ابو رمزي ناصر'),(58,'2018-04-18 02:35:38',NULL,NULL,NULL,'احمد عثمان',NULL,'احمد عثمان'),(59,'2018-04-18 02:35:38',NULL,NULL,NULL,'عتمان يخني',NULL,'عتمان يخني'),(60,'2018-04-18 02:35:38',NULL,NULL,NULL,'علاء يخني',NULL,'علاء يخني'),(61,'2018-04-18 02:35:38',NULL,NULL,NULL,'احمد عتمان يخني',NULL,'احمد عتمان يخني'),(62,'2018-04-18 02:35:38',NULL,NULL,NULL,'سركيس يخني',NULL,'سركيس يخني'),(63,'2018-04-18 02:35:38',NULL,NULL,NULL,'عزمي اليخني',NULL,'عزمي اليخني'),(64,'2018-04-18 02:35:38',NULL,NULL,NULL,'صفوان ضاهر  (محل)',NULL,'صفوان ضاهر  (محل)'),(65,'2018-04-18 02:35:38',NULL,NULL,NULL,'محمود محمد عتمان اليخني',NULL,'محمود محمد عتمان اليخني'),(66,'2018-04-18 02:35:38',NULL,NULL,NULL,'احمد فاروق (مطعم)',NULL,'احمد فاروق (مطعم)'),(67,'2018-04-18 02:35:38',NULL,NULL,NULL,'فاروق عراج',NULL,'فاروق عراج'),(68,'2018-04-18 02:35:38',NULL,NULL,NULL,'احمد محمود يخني',NULL,'احمد محمود يخني'),(69,'2018-04-18 02:35:38',NULL,NULL,NULL,'هاني حسن يخني',NULL,'هاني حسن يخني'),(70,'2018-04-18 02:35:38',NULL,NULL,NULL,'محمد حسن يخني',NULL,'محمد حسن يخني'),(71,'2018-04-18 02:35:38',NULL,NULL,NULL,'عبد الحميد يخني',NULL,'عبد الحميد يخني'),(72,'2018-04-18 02:35:38',NULL,NULL,NULL,'مصطفى يخني (حلاق)',NULL,'مصطفى يخني (حلاق)'),(73,'2018-04-18 02:35:38',NULL,NULL,NULL,'يحيى عبد الحليم',NULL,'يحيى عبد الحليم'),(74,'2018-04-18 02:35:38',NULL,NULL,NULL,'ابو عماد (محل)',NULL,'ابو عماد (محل)'),(75,'2018-04-18 02:35:38',NULL,NULL,NULL,'مصطفى علي احمد يخني',NULL,'مصطفى علي احمد يخني'),(76,'2018-04-18 02:35:38',NULL,NULL,NULL,'احمد حمزة يخني',NULL,'احمد حمزة يخني'),(77,'2018-04-18 02:35:38',NULL,NULL,NULL,'عمر علي احمد يخني',NULL,'عمر علي احمد يخني'),(78,'2018-04-18 02:35:38',NULL,NULL,NULL,'الاستاذ محمد خضر',NULL,'الاستاذ محمد خضر'),(79,'2018-04-18 02:35:38',NULL,NULL,NULL,'احمد خضر',NULL,'احمد خضر'),(80,'2018-04-18 02:35:38',NULL,NULL,NULL,'بهاء يخني',NULL,'بهاء يخني'),(81,'2018-04-18 02:35:38',NULL,NULL,NULL,'علي عباس اليخني',NULL,'علي عباس اليخني'),(82,'2018-04-18 02:35:38',NULL,NULL,NULL,'ابو مصباح اليخني',NULL,'ابو مصباح اليخني'),(83,'2018-04-18 02:35:38',NULL,NULL,NULL,'ابو شاكر يخني',NULL,'ابو شاكر يخني'),(84,'2018-04-18 02:35:38',NULL,NULL,NULL,'ابو عباس',NULL,'ابو عباس'),(85,'2018-04-18 02:35:38',NULL,NULL,NULL,'سوري عمر معيني',NULL,'سوري عمر معيني'),(86,'2018-04-18 02:35:38',NULL,NULL,NULL,'المختار خالد عباس',NULL,'المختار خالد عباس'),(87,'2018-04-18 02:35:38',NULL,NULL,NULL,'عدنان خالد علي عباس',NULL,'عدنان خالد علي عباس'),(88,'2018-04-18 02:35:38',NULL,NULL,NULL,'مسعود يخني',NULL,'مسعود يخني'),(89,'2018-04-18 02:35:38',NULL,NULL,NULL,'علاء يخني (محل)',NULL,'علاء يخني (محل)'),(90,'2018-04-18 02:35:38',NULL,NULL,NULL,'عتمان اليخني (محل)',NULL,'عتمان اليخني (محل)'),(91,'2018-04-18 02:35:38',NULL,NULL,NULL,'هاني ابو سليمان',NULL,'هاني ابو سليمان'),(92,'2018-04-18 02:35:38',NULL,NULL,NULL,'ابو عماد (منزل)',NULL,'ابو عماد (منزل)'),(93,'2018-04-18 02:35:38',NULL,NULL,NULL,'ربيع احمد حمادة',NULL,'ربيع احمد حمادة'),(94,'2018-04-18 02:35:38',NULL,NULL,NULL,'مصطفى حمادة (منزل)',NULL,'مصطفى حمادة (منزل)'),(95,'2018-04-18 02:35:38',NULL,NULL,NULL,'ايهاب طه هرموش',NULL,'ايهاب طه هرموش'),(96,'2018-04-18 02:35:38',NULL,NULL,NULL,'احمد حمادة',NULL,'احمد حمادة'),(97,'2018-04-18 02:35:38',NULL,NULL,NULL,'احمد عتمان هرموش',NULL,'احمد عتمان هرموش'),(98,'2018-04-18 02:35:38',NULL,NULL,NULL,'محمود عتمان هرموش',NULL,'محمود عتمان هرموش'),(99,'2018-04-18 02:35:38',NULL,NULL,NULL,'عبد السلام هرموش',NULL,'عبد السلام هرموش'),(100,'2018-04-18 02:35:38',NULL,NULL,NULL,'عمر رضوان هرموش',NULL,'عمر رضوان هرموش'),(101,'2018-04-18 02:35:38',NULL,NULL,NULL,'الحاج عمر توفيق',NULL,'الحاج عمر توفيق'),(102,'2018-04-18 02:35:38',NULL,NULL,NULL,'خالد عمر توفيق',NULL,'خالد عمر توفيق'),(103,'2018-04-18 02:35:38',NULL,NULL,NULL,'علي عتمان',NULL,'علي عتمان'),(104,'2018-04-18 02:35:38',NULL,NULL,NULL,'الشيخ خالد حمادة',NULL,'الشيخ خالد حمادة'),(105,'2018-04-18 02:35:38',NULL,NULL,NULL,'حسين حمادة',NULL,'حسين حمادة'),(106,'2018-04-18 02:35:38',NULL,NULL,NULL,'علي عبد الرزاق هرموش',NULL,'علي عبد الرزاق هرموش'),(107,'2018-04-18 02:35:38',NULL,NULL,NULL,'علي حمادة',NULL,'علي حمادة'),(108,'2018-04-18 02:35:38',NULL,NULL,NULL,'هيثم عبد الرزاق هرموش',NULL,'هيثم عبد الرزاق هرموش'),(109,'2018-04-18 02:35:38',NULL,NULL,NULL,'بلال علي حمادة',NULL,'بلال علي حمادة'),(110,'2018-04-18 02:35:38',NULL,NULL,NULL,'الكنار',NULL,'الكنار'),(111,'2018-04-18 02:35:38',NULL,NULL,NULL,'الشيخ علي محمود سعيد',NULL,'الشيخ علي محمود سعيد'),(112,'2018-04-18 02:35:38',NULL,NULL,NULL,'محمد ابو صلاح',NULL,'محمد ابو صلاح'),(113,'2018-04-18 02:35:38',NULL,NULL,NULL,'زاهر ابو صلاح',NULL,'زاهر ابو صلاح'),(114,'2018-04-18 02:35:38',NULL,NULL,NULL,'يحيى مرعي',NULL,'يحيى مرعي'),(115,'2018-04-18 02:35:38',NULL,NULL,NULL,'عدنان يخني',NULL,'عدنان يخني'),(116,'2018-04-18 02:35:38',NULL,NULL,NULL,'عزت اليخني',NULL,'عزت اليخني'),(117,'2018-04-18 02:35:38',NULL,NULL,NULL,'فواز اليخني',NULL,'فواز اليخني'),(118,'2018-04-18 02:35:38',NULL,NULL,NULL,'مصطفى خضر رشيد',NULL,'مصطفى خضر رشيد'),(119,'2018-04-18 02:35:38',NULL,NULL,NULL,'خضر رشيد حمزة',NULL,'خضر رشيد حمزة'),(120,'2018-04-18 02:35:38',NULL,NULL,NULL,'محمود رشيد',NULL,'محمود رشيد'),(121,'2018-04-18 02:35:38',NULL,NULL,NULL,'زياد الكردي',NULL,'زياد الكردي'),(122,'2018-04-18 02:35:38',NULL,NULL,NULL,'بدر حمزة',NULL,'بدر حمزة'),(123,'2018-04-18 02:35:38',NULL,NULL,NULL,'عبد الرحمن الكردي',NULL,'عبد الرحمن الكردي'),(124,'2018-04-18 02:35:38',NULL,NULL,NULL,'ابو رامي يخني',NULL,'ابو رامي يخني'),(125,'2018-04-18 02:35:38',NULL,NULL,NULL,'فرحات اليخني',NULL,'فرحات اليخني'),(126,'2018-04-18 02:35:38',NULL,NULL,NULL,'مدحت يخني',NULL,'مدحت يخني'),(127,'2018-04-18 02:35:38',NULL,NULL,NULL,'جمال يخني',NULL,'جمال يخني'),(128,'2018-04-18 02:35:38',NULL,NULL,NULL,'شادي يخني',NULL,'شادي يخني'),(129,'2018-04-18 02:35:38',NULL,NULL,NULL,'المدير عبد الحميد لاغا',NULL,'المدير عبد الحميد لاغا'),(130,'2018-04-18 02:35:38',NULL,NULL,NULL,'وافي لاغا',NULL,'وافي لاغا'),(131,'2018-04-18 02:35:38',NULL,NULL,NULL,'محمود مصطفى لاغا',NULL,'محمود مصطفى لاغا'),(132,'2018-04-18 02:35:38',NULL,NULL,NULL,'مدرسة ابن الهيثم',NULL,'مدرسة ابن الهيثم'),(133,'2018-04-18 02:35:38',NULL,NULL,NULL,'علي احمد لاغا',NULL,'علي احمد لاغا'),(134,'2018-04-18 02:35:38',NULL,NULL,NULL,'محمود طه لاغا',NULL,'محمود طه لاغا'),(135,'2018-04-18 02:35:38',NULL,NULL,NULL,'علي نصر لاغا',NULL,'علي نصر لاغا'),(136,'2018-04-18 02:35:38',NULL,NULL,NULL,'عمر نصر لاغا',NULL,'عمر نصر لاغا'),(137,'2018-04-18 02:35:38',NULL,NULL,NULL,'الحاج حمد لاغا',NULL,'الحاج حمد لاغا'),(138,'2018-04-18 02:35:38',NULL,NULL,NULL,'محمد ابو ليلى',NULL,'محمد ابو ليلى'),(139,'2018-04-18 02:35:38',NULL,NULL,NULL,'ناجي ابو ليلى',NULL,'ناجي ابو ليلى'),(140,'2018-04-18 02:35:38',NULL,NULL,NULL,'المدير خالد لاغا',NULL,'المدير خالد لاغا'),(141,'2018-04-18 02:35:38',NULL,NULL,NULL,'د.محمد جميل لاغا',NULL,'د.محمد جميل لاغا'),(142,'2018-04-18 02:35:38',NULL,NULL,NULL,'محمد عبد الله لاغا',NULL,'محمد عبد الله لاغا'),(143,'2018-04-18 02:35:38',NULL,NULL,NULL,'نصر محمود لاغا',NULL,'نصر محمود لاغا'),(144,'2018-04-18 02:35:38',NULL,NULL,NULL,'جلال لاغا',NULL,'جلال لاغا'),(145,'2018-04-18 02:35:38',NULL,NULL,NULL,'سوري عند سليم علي الاصلي',NULL,'سوري عند سليم علي الاصلي'),(146,'2018-04-18 02:35:38',NULL,NULL,NULL,'طاهر لاغا',NULL,'طاهر لاغا'),(147,'2018-04-18 02:35:38',NULL,NULL,NULL,'يحيى علي حسن لاغا',NULL,'يحيى علي حسن لاغا'),(148,'2018-04-18 02:35:38',NULL,NULL,NULL,'محمد احمد لاغا',NULL,'محمد احمد لاغا'),(149,'2018-04-18 02:35:38',NULL,NULL,NULL,'محمود احمد حمد لاغا',NULL,'محمود احمد حمد لاغا'),(150,'2018-04-18 02:35:38',NULL,NULL,NULL,'سوري عند حسن لاغا',NULL,'سوري عند حسن لاغا'),(151,'2018-04-18 02:35:38',NULL,NULL,NULL,'عمر محمود لاغا',NULL,'عمر محمود لاغا'),(152,'2018-04-18 02:35:38',NULL,NULL,NULL,'هيثم لاغا',NULL,'هيثم لاغا'),(153,'2018-04-18 02:35:38',NULL,NULL,NULL,'محمد مصطفى لاغا',NULL,'محمد مصطفى لاغا'),(154,'2018-04-18 02:35:38',NULL,NULL,NULL,'عبد الرحمن علي لاغا',NULL,'عبد الرحمن علي لاغا'),(155,'2018-04-18 02:35:38',NULL,NULL,NULL,'نجيب ابو ليلى',NULL,'نجيب ابو ليلى'),(156,'2018-04-18 02:35:38',NULL,NULL,NULL,'حسن لاغا',NULL,'حسن لاغا'),(157,'2018-04-18 02:35:38',NULL,NULL,NULL,'كلثوم لاغا',NULL,'كلثوم لاغا'),(158,'2018-04-18 02:35:38',NULL,NULL,NULL,'طه لاغا',NULL,'طه لاغا'),(159,'2018-04-18 02:35:38',NULL,NULL,NULL,'بهاء لاغا',NULL,'بهاء لاغا'),(160,'2018-04-18 02:35:38',NULL,NULL,NULL,'خضر احمد لاغا',NULL,'خضر احمد لاغا'),(161,'2018-04-18 02:35:38',NULL,NULL,NULL,'احمد عبد الله لاغا',NULL,'احمد عبد الله لاغا'),(162,'2018-04-18 02:35:38',NULL,NULL,NULL,'أبو أنور لاغا',NULL,'أبو أنور لاغا'),(163,'2018-04-18 02:35:38',NULL,NULL,NULL,'احمد عمر لاغا',NULL,'احمد عمر لاغا'),(164,'2018-04-18 02:35:38',NULL,NULL,NULL,'مصطفى محمود لاغا',NULL,'مصطفى محمود لاغا'),(165,'2018-04-18 02:35:38',NULL,NULL,NULL,'اسامة خضر لاغا',NULL,'اسامة خضر لاغا'),(166,'2018-04-18 02:35:38',NULL,NULL,NULL,'راتب عبد القادر لاغا',NULL,'راتب عبد القادر لاغا'),(167,'2018-04-18 02:35:38',NULL,NULL,NULL,'محمد علي حمد لاغا',NULL,'محمد علي حمد لاغا'),(168,'2018-04-18 02:35:38',NULL,NULL,NULL,'خالد لاغا',NULL,'خالد لاغا'),(169,'2018-04-18 02:35:38',NULL,NULL,NULL,'ابو سليمان',NULL,'ابو سليمان'),(170,'2018-04-18 02:35:38',NULL,NULL,NULL,'سوري عند حسين  هرموش',NULL,'سوري عند حسين  هرموش'),(171,'2018-04-18 02:35:38',NULL,NULL,NULL,'أبو حمزة الحسن',NULL,'أبو حمزة الحسن'),(172,'2018-04-18 02:35:38',NULL,NULL,NULL,'ثمية  يخني',NULL,'ثمية  يخني'),(173,'2018-04-18 02:35:38',NULL,NULL,NULL,'عمر نور هرموش',NULL,'عمر نور هرموش'),(174,'2018-04-18 02:35:38',NULL,NULL,NULL,'محمد نور هرموش',NULL,'محمد نور هرموش'),(175,'2018-04-18 02:35:38',NULL,NULL,NULL,'مصطفى كريم',NULL,'مصطفى كريم'),(176,'2018-04-18 02:35:38',NULL,NULL,NULL,'احمد كريم',NULL,'احمد كريم'),(177,'2018-04-18 02:35:38',NULL,NULL,NULL,'نصر هرموش',NULL,'نصر هرموش'),(178,'2018-04-18 02:35:38',NULL,NULL,NULL,'بلال هرموش',NULL,'بلال هرموش'),(179,'2018-04-18 02:35:38',NULL,NULL,NULL,'الاستاذ محمد ضاهر',NULL,'الاستاذ محمد ضاهر'),(180,'2018-04-18 02:35:38',NULL,NULL,NULL,'عبد الحميد ضاهر',NULL,'عبد الحميد ضاهر'),(181,'2018-04-18 02:35:38',NULL,NULL,NULL,'ابو انور ضاهر',NULL,'ابو انور ضاهر'),(182,'2018-04-18 02:35:38',NULL,NULL,NULL,'احمد نظيم ضاهر',NULL,'احمد نظيم ضاهر'),(183,'2018-04-18 02:35:38',NULL,NULL,NULL,'ربى ضاهر',NULL,'ربى ضاهر'),(184,'2018-04-18 02:35:38',NULL,NULL,NULL,'محمد لمية ضاهر',NULL,'محمد لمية ضاهر'),(185,'2018-04-18 02:35:38',NULL,NULL,NULL,'عبد الرحمن ابو ضاهر',NULL,'عبد الرحمن ابو ضاهر'),(186,'2018-04-18 02:35:38',NULL,NULL,NULL,' محمد مرعي (الشرفة)',NULL,' محمد مرعي (الشرفة)'),(187,'2018-04-18 02:35:38',NULL,NULL,NULL,'سوري عند ابو شاكر (الشرفة)',NULL,'سوري عند ابو شاكر (الشرفة)'),(188,'2018-04-18 02:35:38',NULL,NULL,NULL,'محمد نظيم ضاهر',NULL,'محمد نظيم ضاهر'),(189,'2018-04-18 02:35:38',NULL,NULL,NULL,'هلال مرعي السوري',NULL,'هلال مرعي السوري'),(190,'2018-04-18 02:35:38',NULL,NULL,NULL,'عائلة محمود ضاهر',NULL,'عائلة محمود ضاهر'),(191,'2018-04-18 02:35:38',NULL,NULL,NULL,'بلال علي ضاهر',NULL,'بلال علي ضاهر'),(192,'2018-04-18 02:35:38',NULL,NULL,NULL,'الاستاذ نورالدين',NULL,'الاستاذ نورالدين'),(193,'2018-04-18 02:35:38',NULL,NULL,NULL,'محمد ليلى',NULL,'محمد ليلى'),(194,'2018-04-18 02:35:38',NULL,NULL,NULL,'مسعود ليلى',NULL,'مسعود ليلى'),(195,'2018-04-18 02:35:38',NULL,NULL,NULL,'جميل احمد دياب',NULL,'جميل احمد دياب'),(196,'2018-04-18 02:35:38',NULL,NULL,NULL,'زكريا دياب',NULL,'زكريا دياب'),(197,'2018-04-18 02:35:38',NULL,NULL,NULL,'عماد دياب',NULL,'عماد دياب'),(198,'2018-04-18 02:35:38',NULL,NULL,NULL,'مصطفى دياب',NULL,'مصطفى دياب'),(199,'2018-04-18 02:35:38',NULL,NULL,NULL,'عبد الله عز الدين',NULL,'عبد الله عز الدين'),(200,'2018-04-18 02:35:38',NULL,NULL,NULL,'عبد الرحمن حسين هرموش',NULL,'عبد الرحمن حسين هرموش'),(201,'2018-04-18 02:35:38',NULL,NULL,NULL,'زكريا اليخني',NULL,'زكريا اليخني'),(202,'2018-04-18 02:35:38',NULL,NULL,NULL,'مالك نجيب',NULL,'مالك نجيب'),(203,'2018-04-18 02:35:38',NULL,NULL,NULL,'النائب اسعد هرموش',NULL,'النائب اسعد هرموش'),(204,'2018-04-18 02:35:38',NULL,NULL,NULL,'قاعة اسعد هرموش',NULL,'قاعة اسعد هرموش'),(205,'2018-04-18 02:35:38',NULL,NULL,NULL,'بلال هرموش',NULL,'بلال هرموش'),(206,'2018-04-18 02:35:38',NULL,NULL,NULL,'خالد هرموش',NULL,'خالد هرموش'),(207,'2018-04-18 02:35:38',NULL,NULL,NULL,'عبدالرحمن مصطفى هرموش',NULL,'عبدالرحمن مصطفى هرموش'),(208,'2018-04-18 02:35:38',NULL,NULL,NULL,'عبد الناصر سعد',NULL,'عبد الناصر سعد'),(209,'2018-04-18 02:35:38',NULL,NULL,NULL,'محمد سعد هرموش',NULL,'محمد سعد هرموش'),(210,'2018-04-18 02:35:38',NULL,NULL,NULL,'خالد عبد الله هرموش',NULL,'خالد عبد الله هرموش'),(211,'2018-04-18 02:35:38',NULL,NULL,NULL,'محمد سعيد هرموش',NULL,'محمد سعيد هرموش'),(212,'2018-04-18 02:35:38',NULL,NULL,NULL,'احمد اسعد',NULL,'احمد اسعد'),(213,'2018-04-18 02:35:38',NULL,NULL,NULL,'الحاج علي كريم',NULL,'الحاج علي كريم'),(214,'2018-04-18 02:35:38',NULL,NULL,NULL,'جهاد محمد ديب',NULL,'جهاد محمد ديب'),(215,'2018-04-18 02:35:38',NULL,NULL,NULL,'سوري عند محمد ديب',NULL,'سوري عند محمد ديب'),(216,'2018-04-18 02:35:38',NULL,NULL,NULL,'علي ديب هرموش',NULL,'علي ديب هرموش'),(217,'2018-04-18 02:35:38',NULL,NULL,NULL,'الحاج قاسم هرموش',NULL,'الحاج قاسم هرموش'),(218,'2018-04-18 02:35:38',NULL,NULL,NULL,'استاذ عبود (الشيخ)',NULL,'استاذ عبود (الشيخ)'),(219,'2018-04-18 02:35:38',NULL,NULL,NULL,'بلال محمد هرموش',NULL,'بلال محمد هرموش'),(220,'2018-04-18 02:35:38',NULL,NULL,NULL,'الشيخ محمد محمود هرموش',NULL,'الشيخ محمد محمود هرموش'),(221,'2018-04-18 02:35:38',NULL,NULL,NULL,'علي احمد غالية',NULL,'علي احمد غالية'),(222,'2018-04-18 02:35:38',NULL,NULL,NULL,'حسين غالية',NULL,'حسين غالية'),(223,'2018-04-18 02:35:38',NULL,NULL,NULL,'وسيم غالية',NULL,'وسيم غالية'),(224,'2018-04-18 02:35:38',NULL,NULL,NULL,'مصطفى حماده (محل)',NULL,'مصطفى حماده (محل)'),(225,'2018-04-18 02:35:38',NULL,NULL,NULL,'سعيدة هرموش',NULL,'سعيدة هرموش'),(226,'2018-04-18 02:35:38',NULL,NULL,NULL,'علي عقل هرموش',NULL,'علي عقل هرموش'),(227,'2018-04-18 02:35:38',NULL,NULL,NULL,'احمد عقل هرموش',NULL,'احمد عقل هرموش'),(228,'2018-04-18 02:35:38',NULL,NULL,NULL,'محمد قاسم',NULL,'محمد قاسم'),(229,'2018-04-18 02:35:38',NULL,NULL,NULL,'احمد قاسم',NULL,'احمد قاسم'),(230,'2018-04-18 02:35:38',NULL,NULL,NULL,'ابو طلال هرموش',NULL,'ابو طلال هرموش'),(231,'2018-04-18 02:35:38',NULL,NULL,NULL,'مهند السوري',NULL,'مهند السوري'),(232,'2018-04-18 02:35:38',NULL,NULL,NULL,'خالد عبد اللطيف',NULL,'خالد عبد اللطيف'),(233,'2018-04-18 02:35:38',NULL,NULL,NULL,'المختار محمد عبود',NULL,'المختار محمد عبود'),(234,'2018-04-18 02:35:38',NULL,NULL,NULL,'علي عبود',NULL,'علي عبود'),(235,'2018-04-18 02:35:38',NULL,NULL,NULL,'جمال عبود',NULL,'جمال عبود'),(236,'2018-04-18 02:35:38',NULL,NULL,NULL,'احمد حسين خضر هرموش',NULL,'احمد حسين خضر هرموش'),(237,'2018-04-18 02:35:38',NULL,NULL,NULL,'بلال عبود',NULL,'بلال عبود'),(238,'2018-04-18 02:35:38',NULL,NULL,NULL,'استاذ عبود',NULL,'استاذ عبود'),(239,'2018-04-18 02:35:38',NULL,NULL,NULL,'جعفر السوري',NULL,'جعفر السوري'),(240,'2018-04-18 02:35:38',NULL,NULL,NULL,'يحيى عبود هرموش',NULL,'يحيى عبود هرموش'),(241,'2018-04-18 02:35:38',NULL,NULL,NULL,'احمد حمد هرموش',NULL,'احمد حمد هرموش'),(242,'2018-04-18 02:35:38',NULL,NULL,NULL,'علي محمد هرموش',NULL,'علي محمد هرموش'),(243,'2018-04-18 02:35:38',NULL,NULL,NULL,'محمد احمد الجدي',NULL,'محمد احمد الجدي'),(244,'2018-04-18 02:35:38',NULL,NULL,NULL,'المختار علي عبد الحميد',NULL,'المختار علي عبد الحميد'),(245,'2018-04-18 02:35:38',NULL,NULL,NULL,'محمد عبود هرموش',NULL,'محمد عبود هرموش'),(246,'2018-04-18 02:35:38',NULL,NULL,NULL,'عمر عبد الحميد',NULL,'عمر عبد الحميد'),(247,'2018-04-18 02:35:38',NULL,NULL,NULL,'علي عتمان عبد الرزاق',NULL,'علي عتمان عبد الرزاق'),(248,'2018-04-18 02:35:38',NULL,NULL,NULL,'مصطفى خضر علي',NULL,'مصطفى خضر علي'),(249,'2018-04-18 02:35:38',NULL,NULL,NULL,'محمود خضر علي',NULL,'محمود خضر علي'),(250,'2018-04-18 02:35:38',NULL,NULL,NULL,'دنكر',NULL,'دنكر'),(251,'2018-04-18 02:35:38',NULL,NULL,NULL,'يحيى اللحام',NULL,'يحيى اللحام'),(252,'2018-04-18 02:35:38',NULL,NULL,NULL,'محمد شهاب(كهرباء)',NULL,'محمد شهاب(كهرباء)'),(253,'2018-04-18 02:35:38',NULL,NULL,NULL,'د.زكريا هرموش',NULL,'د.زكريا هرموش'),(254,'2018-04-18 02:35:38',NULL,NULL,NULL,'احمد علي شهاب',NULL,'احمد علي شهاب'),(255,'2018-04-18 02:35:38',NULL,NULL,NULL,'الحاجة نوف',NULL,'الحاجة نوف'),(256,'2018-04-18 02:35:38',NULL,NULL,NULL,'ابو عيسى السوري',NULL,'ابو عيسى السوري'),(257,'2018-04-18 02:35:38',NULL,NULL,NULL,'علي احمد قاسم',NULL,'علي احمد قاسم'),(258,'2018-04-18 02:35:38',NULL,NULL,NULL,'محمود دندشي',NULL,'محمود دندشي'),(259,'2018-04-18 02:35:38',NULL,NULL,NULL,'ابو راشد',NULL,'ابو راشد'),(260,'2018-04-18 02:35:38',NULL,NULL,NULL,'محمد علي شهاب',NULL,'محمد علي شهاب'),(261,'2018-04-18 02:35:38',NULL,NULL,NULL,'حمد ابو هرموش',NULL,'حمد ابو هرموش'),(262,'2018-04-18 02:35:38',NULL,NULL,NULL,'حسين ابو هرموش',NULL,'حسين ابو هرموش'),(263,'2018-04-18 02:35:38',NULL,NULL,NULL,'هرموش هرموش',NULL,'هرموش هرموش'),(264,'2018-04-18 02:35:38',NULL,NULL,NULL,'اسماعيل ابو هرموش',NULL,'اسماعيل ابو هرموش'),(265,'2018-04-18 02:35:38',NULL,NULL,NULL,'سليمان ابو هرموش',NULL,'سليمان ابو هرموش'),(266,'2018-04-18 02:35:38',NULL,NULL,NULL,'يحيى ابو هرموش',NULL,'يحيى ابو هرموش'),(267,'2018-04-18 02:35:38',NULL,NULL,NULL,' المختار حمد',NULL,' المختار حمد'),(268,'2018-04-18 02:35:38',NULL,NULL,NULL,'مصطفى خالد حمد',NULL,'مصطفى خالد حمد'),(269,'2018-04-18 02:35:38',NULL,NULL,NULL,'محمود خالد حمد',NULL,'محمود خالد حمد'),(270,'2018-04-18 02:35:38',NULL,NULL,NULL,'محمد خالد حمد',NULL,'محمد خالد حمد'),(271,'2018-04-18 02:35:38',NULL,NULL,NULL,'محمد خالد شهاب',NULL,'محمد خالد شهاب'),(272,'2018-04-18 02:35:38',NULL,NULL,NULL,'مهنية السفيرة',NULL,'مهنية السفيرة'),(273,'2018-04-18 02:35:38',NULL,NULL,NULL,'المحطة',NULL,'المحطة'),(274,'2018-04-18 02:35:38',NULL,NULL,NULL,'خالد خضر هرموش',NULL,'خالد خضر هرموش'),(275,'2018-04-18 02:35:38',NULL,NULL,NULL,'علي غنوم',NULL,'علي غنوم'),(276,'2018-04-18 02:35:38',NULL,NULL,NULL,'محمود غنوم',NULL,'محمود غنوم'),(277,'2018-04-18 02:35:38',NULL,NULL,NULL,'علي ناصر',NULL,'علي ناصر'),(278,'2018-04-18 02:35:38',NULL,NULL,NULL,'علي زهية',NULL,'علي زهية'),(279,'2018-04-18 02:35:38',NULL,NULL,NULL,'ناصر محمد ناصر',NULL,'ناصر محمد ناصر'),(280,'2018-04-18 02:35:38',NULL,NULL,NULL,'سوي عند علي عراج',NULL,'سوي عند علي عراج'),(281,'2018-04-18 02:35:38',NULL,NULL,NULL,'مدير سامر عراج',NULL,'مدير سامر عراج'),(282,'2018-04-18 02:35:38',NULL,NULL,NULL,'ادهم السوري',NULL,'ادهم السوري'),(283,'2018-04-18 02:35:38',NULL,NULL,NULL,'محمد حلمية',NULL,'محمد حلمية'),(284,'2018-04-18 02:35:38',NULL,NULL,NULL,'علي محمد حلمية',NULL,'علي محمد حلمية'),(285,'2018-04-18 02:35:38',NULL,NULL,NULL,'علي محمود ضاهر',NULL,'علي محمود ضاهر'),(286,'2018-04-18 02:35:38',NULL,NULL,NULL,'ابو عدنان عثمان',NULL,'ابو عدنان عثمان'),(287,'2018-04-18 02:35:38',NULL,NULL,NULL,'احمد عثمان',NULL,'احمد عثمان'),(288,'2018-04-18 02:35:38',NULL,NULL,NULL,'مصطفى عثمان',NULL,'مصطفى عثمان'),(289,'2018-04-18 02:35:38',NULL,NULL,NULL,'ابو عمر هرموش',NULL,'ابو عمر هرموش'),(290,'2018-04-18 02:35:38',NULL,NULL,NULL,'عمر هرموش',NULL,'عمر هرموش'),(291,'2018-04-18 02:35:38',NULL,NULL,NULL,'مجاهد حسون',NULL,'مجاهد حسون'),(292,'2018-04-18 02:35:38',NULL,NULL,NULL,'ابو ربيع عراج',NULL,'ابو ربيع عراج'),(293,'2018-04-18 02:35:38',NULL,NULL,NULL,'محمود عراج',NULL,'محمود عراج'),(294,'2018-04-18 02:35:38',NULL,NULL,NULL,'مصطفى عراج',NULL,'مصطفى عراج'),(295,'2018-04-18 02:35:38',NULL,NULL,NULL,'خضر عراج',NULL,'خضر عراج'),(296,'2018-04-18 02:35:38',NULL,NULL,NULL,'د.وليد عراج',NULL,'د.وليد عراج'),(297,'2018-04-18 02:35:38',NULL,NULL,NULL,'ابو فراس عراج',NULL,'ابو فراس عراج'),(298,'2018-04-18 02:35:38',NULL,NULL,NULL,'رمزي الكردي',NULL,'رمزي الكردي'),(299,'2018-04-18 02:35:38',NULL,NULL,NULL,'بلدية السفيرة',NULL,'بلدية السفيرة'),(300,'2018-04-18 02:35:38',NULL,NULL,NULL,'سليمان',NULL,'سليمان'),(301,'2018-04-18 02:35:38',NULL,NULL,NULL,'ابو محمد السوري',NULL,'ابو محمد السوري'),(302,'2018-04-18 02:35:38',NULL,NULL,NULL,'ايمن ناصر',NULL,'ايمن ناصر'),(303,'2018-04-18 02:35:38',NULL,NULL,NULL,'احمد شحادة ناصر',NULL,'احمد شحادة ناصر'),(304,'2018-04-18 02:35:38',NULL,NULL,NULL,'شيخ شحادة',NULL,'شيخ شحادة'),(305,'2018-04-18 02:35:38',NULL,NULL,NULL,'غازي ناصر',NULL,'غازي ناصر'),(306,'2018-04-18 02:35:38',NULL,NULL,NULL,'بسام ناصر',NULL,'بسام ناصر'),(307,'2018-04-18 02:35:38',NULL,NULL,NULL,'السوري عند سامر عراج',NULL,'السوري عند سامر عراج'),(308,'2018-04-18 02:35:38',NULL,NULL,NULL,'أحمد  هرموش',NULL,'أحمد  هرموش'),(309,'2018-04-18 02:35:38',NULL,NULL,NULL,'أبو الزبير ',NULL,'أبو الزبير '),(310,'2018-04-18 02:35:38',NULL,NULL,NULL,'مروان حسون',NULL,'مروان حسون'),(311,'2018-04-18 02:35:38',NULL,NULL,NULL,'محمود خضر هرموش',NULL,'محمود خضر هرموش'),(312,'2018-04-18 02:35:38',NULL,NULL,NULL,'احمد محمود حسين هرموش',NULL,'احمد محمود حسين هرموش'),(313,'2018-04-18 02:35:38',NULL,NULL,NULL,'محمد فطوم هرموش',NULL,'محمد فطوم هرموش'),(314,'2018-04-18 02:35:38',NULL,NULL,NULL,'محمود علي',NULL,'محمود علي'),(315,'2018-04-18 02:35:38',NULL,NULL,NULL,'عبد الحميد امون',NULL,'عبد الحميد امون'),(316,'2018-04-18 02:35:38',NULL,NULL,NULL,'عبد الحلبي',NULL,'عبد الحلبي'),(317,'2018-04-18 02:35:38',NULL,NULL,NULL,'عبد المنعم بشير',NULL,'عبد المنعم بشير'),(318,'2018-04-18 02:35:38',NULL,NULL,NULL,'حسين بشير',NULL,'حسين بشير'),(319,'2018-04-18 02:35:38',NULL,NULL,NULL,'مختار حسون',NULL,'مختار حسون'),(320,'2018-04-18 02:35:38',NULL,NULL,NULL,'هيثم حسون',NULL,'هيثم حسون'),(321,'2018-04-18 02:35:38',NULL,NULL,NULL,'هاني حسون',NULL,'هاني حسون'),(322,'2018-04-18 02:35:38',NULL,NULL,NULL,'هشام حسون',NULL,'هشام حسون'),(323,'2018-04-18 02:35:38',NULL,NULL,NULL,'عبد الحميد دنكر',NULL,'عبد الحميد دنكر'),(324,'2018-04-18 02:35:38',NULL,NULL,NULL,'احمد ابو نزيه',NULL,'احمد ابو نزيه'),(325,'2018-04-18 02:35:38',NULL,NULL,NULL,'احمد محمود علي حسن',NULL,'احمد محمود علي حسن'),(326,'2018-04-18 02:35:38',NULL,NULL,NULL,'علي احمد علي',NULL,'علي احمد علي'),(327,'2018-04-18 02:35:38',NULL,NULL,NULL,'وسيم هرموش',NULL,'وسيم هرموش'),(328,'2018-04-18 02:35:38',NULL,NULL,NULL,'فسكه',NULL,'فسكه'),(329,'2018-04-18 02:35:38',NULL,NULL,NULL,'ايمن هرموش',NULL,'ايمن هرموش'),(330,'2018-04-18 02:35:38',NULL,NULL,NULL,'عبد الله هرموش ',NULL,'عبد الله هرموش '),(331,'2018-04-18 02:35:38',NULL,NULL,NULL,'ابو حاتم هرموش',NULL,'ابو حاتم هرموش'),(332,'2018-04-18 02:35:38',NULL,NULL,NULL,'مصطفى هرموش',NULL,'مصطفى هرموش'),(333,'2018-04-18 02:35:38',NULL,NULL,NULL,'علي محمد حسن حسون',NULL,'علي محمد حسن حسون'),(334,'2018-04-18 02:35:38',NULL,NULL,NULL,'بلال محمود هرموش',NULL,'بلال محمود هرموش'),(335,'2018-04-18 02:35:38',NULL,NULL,NULL,'توفيق هرموش',NULL,'توفيق هرموش'),(336,'2018-04-18 02:35:38',NULL,NULL,NULL,'احمد محمد حسن هرموش',NULL,'احمد محمد حسن هرموش'),(337,'2018-04-18 02:35:38',NULL,NULL,NULL,'احمد علي عبد الله',NULL,'احمد علي عبد الله'),(338,'2018-04-18 02:35:38',NULL,NULL,NULL,'زكريا هرموش',NULL,'زكريا هرموش'),(339,'2018-04-18 02:35:38',NULL,NULL,NULL,'محمد الاسد',NULL,'محمد الاسد'),(340,'2018-04-18 02:35:38',NULL,NULL,NULL,'احمد اسماعيل هرموش',NULL,'احمد اسماعيل هرموش'),(341,'2018-04-18 02:35:38',NULL,NULL,NULL,'صلاح حسون',NULL,'صلاح حسون'),(342,'2018-04-18 02:35:38',NULL,NULL,NULL,'احمد غنوم',NULL,'احمد غنوم'),(343,'2018-04-18 02:35:38',NULL,NULL,NULL,'لقمان هرموش',NULL,'لقمان هرموش'),(344,'2018-04-18 02:35:38',NULL,NULL,NULL,'حسن صلاح',NULL,'حسن صلاح'),(345,'2018-04-18 02:35:38',NULL,NULL,NULL,'وضاح هرموش',NULL,'وضاح هرموش'),(346,'2018-04-18 02:35:38',NULL,NULL,NULL,'سيف الدين هرموش',NULL,'سيف الدين هرموش'),(347,'2018-04-18 02:35:38',NULL,NULL,NULL,'حمزة عبيد',NULL,'حمزة عبيد'),(348,'2018-04-18 02:35:38',NULL,NULL,NULL,'معين هرموش',NULL,'معين هرموش'),(349,'2018-04-18 02:35:38',NULL,NULL,NULL,'ايمن عبد المجيد',NULL,'ايمن عبد المجيد'),(350,'2018-04-18 02:35:38',NULL,NULL,NULL,'هدى هرموش',NULL,'هدى هرموش'),(351,'2018-04-18 02:35:38',NULL,NULL,NULL,'رضوان هرموش',NULL,'رضوان هرموش'),(352,'2018-04-18 02:35:38',NULL,NULL,NULL,'محمود  محمد رضوان',NULL,'محمود  محمد رضوان'),(353,'2018-04-18 02:35:38',NULL,NULL,NULL,'خالد احمد نظيم حسون',NULL,'خالد احمد نظيم حسون'),(354,'2018-04-18 02:35:38',NULL,NULL,NULL,'محمد حسين غنوم',NULL,'محمد حسين غنوم'),(355,'2018-04-18 02:35:38',NULL,NULL,NULL,'احمد لاغا',NULL,'احمد لاغا'),(356,'2018-04-18 02:35:38',NULL,NULL,NULL,'عبد الناصر لاغا',NULL,'عبد الناصر لاغا'),(357,'2018-04-18 02:35:38',NULL,NULL,NULL,'عمر محمد عمر',NULL,'عمر محمد عمر'),(358,'2018-04-18 02:35:38',NULL,NULL,NULL,'سوري عند كاظم',NULL,'سوري عند كاظم'),(359,'2018-04-18 02:35:38',NULL,NULL,NULL,'خالد علي خالد هرموش',NULL,'خالد علي خالد هرموش'),(360,'2018-04-18 02:35:38',NULL,NULL,NULL,'محمد حروق',NULL,'محمد حروق'),(361,'2018-04-18 02:35:38',NULL,NULL,NULL,'محمد كريم',NULL,'محمد كريم'),(362,'2018-04-18 02:35:38',NULL,NULL,NULL,'رياض اليخني',NULL,'رياض اليخني'),(363,'2018-04-18 02:35:38',NULL,NULL,NULL,'احمد علي مرعي اليخني',NULL,'احمد علي مرعي اليخني'),(364,'2018-04-18 02:35:38',NULL,NULL,NULL,'استاذ عدنان هرموش',NULL,'استاذ عدنان هرموش'),(365,'2018-04-18 02:35:38',NULL,NULL,NULL,'منصور هرموش',NULL,'منصور هرموش'),(366,'2018-04-18 02:35:38',NULL,NULL,NULL,'شيخ الكردي',NULL,'شيخ الكردي'),(367,'2018-04-18 02:35:38',NULL,NULL,NULL,'عاطف عثمان',NULL,'عاطف عثمان'),(368,'2018-04-18 02:35:38',NULL,NULL,NULL,'مازن عثمان',NULL,'مازن عثمان'),(369,'2018-04-18 02:35:38',NULL,NULL,NULL,'حسين ابو جهاد',NULL,'حسين ابو جهاد'),(370,'2018-04-18 02:35:38',NULL,NULL,NULL,'محمود ابو جهاد',NULL,'محمود ابو جهاد'),(371,'2018-04-18 02:35:38',NULL,NULL,NULL,'زكريا الشيخ خالد',NULL,'زكريا الشيخ خالد'),(372,'2018-04-18 02:35:38',NULL,NULL,NULL,'مفيد اليخني',NULL,'مفيد اليخني'),(373,'2018-04-18 02:35:38',NULL,NULL,NULL,'محمد مرشد حسون',NULL,'محمد مرشد حسون'),(374,'2018-04-18 02:35:38',NULL,NULL,NULL,'خالد اليخني',NULL,'خالد اليخني'),(375,'2018-04-18 02:35:38',NULL,NULL,NULL,'نور الدين حسون',NULL,'نور الدين حسون'),(376,'2018-04-18 02:35:38',NULL,NULL,NULL,'طارق احمد علي',NULL,'طارق احمد علي'),(377,'2018-04-18 02:35:38',NULL,NULL,NULL,'زياد احمد علي',NULL,'زياد احمد علي'),(378,'2018-04-18 02:35:38',NULL,NULL,NULL,'عبود هاشم ',NULL,'عبود هاشم '),(379,'2018-04-18 02:35:38',NULL,NULL,NULL,'حجة امينة',NULL,'حجة امينة'),(380,'2018-04-18 02:35:38',NULL,NULL,NULL,'غسان حسون',NULL,'غسان حسون'),(381,'2018-04-18 02:35:38',NULL,NULL,NULL,'عبد الخالق',NULL,'عبد الخالق'),(382,'2018-04-18 02:35:38',NULL,NULL,NULL,'زكريا حسون',NULL,'زكريا حسون'),(383,'2018-04-18 02:35:38',NULL,NULL,NULL,'احمد عبد الرزاق',NULL,'احمد عبد الرزاق'),(384,'2018-04-18 02:35:38',NULL,NULL,NULL,'عبد الله علي ابو رهيف',NULL,'عبد الله علي ابو رهيف'),(385,'2018-04-18 02:35:38',NULL,NULL,NULL,'محمد علي بو رهيف',NULL,'محمد علي بو رهيف'),(386,'2018-04-18 02:35:38',NULL,NULL,NULL,'غزوان حسون ',NULL,'غزوان حسون '),(387,'2018-04-18 02:35:38',NULL,NULL,NULL,'خالد حج احمد (منزل)',NULL,'خالد حج احمد (منزل)'),(388,'2018-04-18 02:35:38',NULL,NULL,NULL,'مهنية السفيرة',NULL,'مهنية السفيرة'),(389,'2018-04-18 02:35:38',NULL,NULL,NULL,'عبد الحميد  علي ابو رهيف',NULL,'عبد الحميد  علي ابو رهيف'),(390,'2018-04-18 02:35:38',NULL,NULL,NULL,'رهيف حسون',NULL,'رهيف حسون'),(391,'2018-04-18 02:35:38',NULL,NULL,NULL,'عادل حسون',NULL,'عادل حسون'),(392,'2018-04-18 02:35:38',NULL,NULL,NULL,'محمد رهيف حسون',NULL,'محمد رهيف حسون'),(393,'2018-04-18 02:35:38',NULL,NULL,NULL,'مصطفى علي حسون',NULL,'مصطفى علي حسون'),(394,'2018-04-18 02:35:38',NULL,NULL,NULL,'احمد شجاع',NULL,'احمد شجاع'),(395,'2018-04-18 02:35:38',NULL,NULL,NULL,'ماهر السوري',NULL,'ماهر السوري'),(396,'2018-04-18 02:35:38',NULL,NULL,NULL,'بلال حسون',NULL,'بلال حسون'),(397,'2018-04-18 02:35:38',NULL,NULL,NULL,'باسم حسون',NULL,'باسم حسون'),(398,'2018-04-18 02:35:38',NULL,NULL,NULL,'ابو طلحة',NULL,'ابو طلحة'),(399,'2018-04-18 02:35:38',NULL,NULL,NULL,'أدهم (الصيني)',NULL,'أدهم (الصيني)'),(400,'2018-04-18 02:35:38',NULL,NULL,NULL,'مصطفى هاني(المحل)',NULL,'مصطفى هاني(المحل)'),(401,'2018-04-18 02:35:38',NULL,NULL,NULL,'السوري الغفري (فوق الملحمة)',NULL,'السوري الغفري (فوق الملحمة)'),(402,'2018-04-18 02:35:38',NULL,NULL,NULL,'احمد ابو علي الملك',NULL,'احمد ابو علي الملك'),(403,'2018-04-18 02:35:38',NULL,NULL,NULL,'سوري عند طلال',NULL,'سوري عند طلال'),(404,'2018-04-18 02:35:38',NULL,NULL,NULL,'خالد حج احمد (محل)',NULL,'خالد حج احمد (محل)'),(405,'2018-04-18 02:35:38',NULL,NULL,NULL,'حسن ندة',NULL,'حسن ندة'),(406,'2018-04-18 02:35:38',NULL,NULL,NULL,'مصطفى عبد العزيز',NULL,'مصطفى عبد العزيز'),(407,'2018-04-18 02:35:38',NULL,NULL,NULL,'ابو عبد الله حسون',NULL,'ابو عبد الله حسون'),(408,'2018-04-18 02:35:38',NULL,NULL,NULL,'ابو فؤاد حسون',NULL,'ابو فؤاد حسون'),(409,'2018-04-18 02:35:38',NULL,NULL,NULL,'نواف حسون',NULL,'نواف حسون'),(410,'2018-04-18 02:35:38',NULL,NULL,NULL,'بلال علي خضر حسون',NULL,'بلال علي خضر حسون'),(411,'2018-04-18 02:35:38',NULL,NULL,NULL,'احمد خضر حسون',NULL,'احمد خضر حسون'),(412,'2018-04-18 02:35:38',NULL,NULL,NULL,'يحيى خضر حسون',NULL,'يحيى خضر حسون'),(413,'2018-04-18 02:35:38',NULL,NULL,NULL,'سليمان حسون',NULL,'سليمان حسون'),(414,'2018-04-18 02:35:38',NULL,NULL,NULL,'علي خضر حسون',NULL,'علي خضر حسون'),(415,'2018-04-18 02:35:38',NULL,NULL,NULL,'ابو ربيع حسون',NULL,'ابو ربيع حسون'),(416,'2018-04-18 02:35:38',NULL,NULL,NULL,'ربيع حسون',NULL,'ربيع حسون'),(417,'2018-04-18 02:35:38',NULL,NULL,NULL,'احمد علي حسون (الطويل)',NULL,'احمد علي حسون (الطويل)'),(418,'2018-04-18 02:35:38',NULL,NULL,NULL,'ايمن احمد بشير',NULL,'ايمن احمد بشير'),(419,'2018-04-18 02:35:38',NULL,NULL,NULL,'بشير حسين',NULL,'بشير حسين'),(420,'2018-04-18 02:35:38',NULL,NULL,NULL,'نصر محمد ديب',NULL,'نصر محمد ديب'),(421,'2018-04-18 02:35:38',NULL,NULL,NULL,'بصاص السوري',NULL,'بصاص السوري'),(422,'2018-04-18 02:35:38',NULL,NULL,NULL,'حسين حسون',NULL,'حسين حسون'),(423,'2018-04-18 02:35:38',NULL,NULL,NULL,'ابو محمد السوري',NULL,'ابو محمد السوري'),(424,'2018-04-18 02:35:38',NULL,NULL,NULL,'مصطفى علي مصطفى حسون',NULL,'مصطفى علي مصطفى حسون'),(425,'2018-04-18 02:35:38',NULL,NULL,NULL,'يوسف حسون',NULL,'يوسف حسون'),(426,'2018-04-18 02:35:38',NULL,NULL,NULL,'دكتور موفق',NULL,'دكتور موفق'),(427,'2018-04-18 02:35:38',NULL,NULL,NULL,'احمد علي مصطفى ',NULL,'احمد علي مصطفى '),(428,'2018-04-18 02:35:38',NULL,NULL,NULL,'استاذ علاء حسون',NULL,'استاذ علاء حسون'),(429,'2018-04-18 02:35:38',NULL,NULL,NULL,'محمد عبد الرحمن السوري عند علاء',NULL,'محمد عبد الرحمن السوري عند علاء'),(430,'2018-04-18 02:35:38',NULL,NULL,NULL,'حمزة السوري عند علاء',NULL,'حمزة السوري عند علاء'),(431,'2018-04-18 02:35:38',NULL,NULL,NULL,'علي مصطفى الكردي',NULL,'علي مصطفى الكردي'),(432,'2018-04-18 02:35:38',NULL,NULL,NULL,'سمير حسون',NULL,'سمير حسون'),(433,'2018-04-18 02:35:38',NULL,NULL,NULL,'حج بسام حسون',NULL,'حج بسام حسون'),(434,'2018-04-18 02:35:38',NULL,NULL,NULL,'محمود خليل',NULL,'محمود خليل'),(435,'2018-04-18 02:35:38',NULL,NULL,NULL,'علي الشب حسون',NULL,'علي الشب حسون'),(436,'2018-04-18 02:35:38',NULL,NULL,NULL,'نزيه حسون',NULL,'نزيه حسون'),(437,'2018-04-18 02:35:38',NULL,NULL,NULL,'عبد الرحمان حسون',NULL,'عبد الرحمان حسون'),(438,'2018-04-18 02:35:38',NULL,NULL,NULL,'هيثم ابو محمود',NULL,'هيثم ابو محمود'),(439,'2018-04-18 02:35:38',NULL,NULL,NULL,'صديق حسون',NULL,'صديق حسون'),(440,'2018-04-18 02:35:38',NULL,NULL,NULL,'ام رهيف',NULL,'ام رهيف'),(441,'2018-04-18 02:35:38',NULL,NULL,NULL,'علي حسون',NULL,'علي حسون'),(442,'2018-04-18 02:35:38',NULL,NULL,NULL,'احمد اسماعيل حسون',NULL,'احمد اسماعيل حسون'),(443,'2018-04-18 02:35:38',NULL,NULL,NULL,'الدفاع المدني',NULL,'الدفاع المدني'),(444,'2018-04-18 02:35:38',NULL,NULL,NULL,'عادل محمد عمر حسون',NULL,'عادل محمد عمر حسون'),(445,'2018-04-18 02:35:38',NULL,NULL,NULL,'محمد بو تاري',NULL,'محمد بو تاري'),(446,'2018-04-18 02:35:38',NULL,NULL,NULL,'صفاء الكردي',NULL,'صفاء الكردي'),(447,'2018-04-18 02:35:38',NULL,NULL,NULL,'اسامة الكردي',NULL,'اسامة الكردي'),(448,'2018-04-18 02:35:38',NULL,NULL,NULL,'عمر بعلبكي (عين حرفوش)',NULL,'عمر بعلبكي (عين حرفوش)'),(449,'2018-04-18 02:35:38',NULL,NULL,NULL,'عبد الله الكردي ',NULL,'عبد الله الكردي '),(450,'2018-04-18 02:35:38',NULL,NULL,NULL,'خالد الكردي',NULL,'خالد الكردي'),(451,'2018-04-18 02:35:38',NULL,NULL,NULL,'ندى حسون',NULL,'ندى حسون'),(452,'2018-04-18 02:35:38',NULL,NULL,NULL,'امين حسون',NULL,'امين حسون'),(453,'2018-04-18 02:35:38',NULL,NULL,NULL,'منصور حسون',NULL,'منصور حسون'),(454,'2018-04-18 02:35:38',NULL,NULL,NULL,'عادل الكردي',NULL,'عادل الكردي'),(455,'2018-04-18 02:35:38',NULL,NULL,NULL,'عبد السلام الكردي',NULL,'عبد السلام الكردي'),(456,'2018-04-18 02:35:38',NULL,NULL,NULL,'صلاح الكردي',NULL,'صلاح الكردي'),(457,'2018-04-18 02:35:38',NULL,NULL,NULL,'محل ابوبشير',NULL,'محل ابوبشير'),(458,'2018-04-18 02:35:38',NULL,NULL,NULL,'محمود خضر حسون',NULL,'محمود خضر حسون'),(459,'2018-04-18 02:35:38',NULL,NULL,NULL,'سوري (زياد ابو عصام)',NULL,'سوري (زياد ابو عصام)'),(460,'2018-04-18 02:35:38',NULL,NULL,NULL,'احمد الكردي',NULL,'احمد الكردي'),(461,'2018-04-18 02:35:38',NULL,NULL,NULL,'احمد شفيق',NULL,'احمد شفيق'),(462,'2018-04-18 02:35:38',NULL,NULL,NULL,'حسان نظيم',NULL,'حسان نظيم'),(463,'2018-04-18 02:35:38',NULL,NULL,NULL,'مصطفى نظيم حسون',NULL,'مصطفى نظيم حسون'),(464,'2018-04-18 02:35:38',NULL,NULL,NULL,'ابو علي نظيم',NULL,'ابو علي نظيم'),(465,'2018-04-18 02:35:38',NULL,NULL,NULL,'محمد أبو علي نظيم حسون',NULL,'محمد أبو علي نظيم حسون'),(466,'2018-04-18 02:35:38',NULL,NULL,NULL,'مصطفى علي الشيخ حسون',NULL,'مصطفى علي الشيخ حسون'),(467,'2018-04-18 02:35:38',NULL,NULL,NULL,'احمد علي الشيخ',NULL,'احمد علي الشيخ'),(468,'2018-04-18 02:35:38',NULL,NULL,NULL,'محمد احمد علي خضر ',NULL,'محمد احمد علي خضر '),(469,'2018-04-18 02:35:38',NULL,NULL,NULL,'علي عراج',NULL,'علي عراج'),(470,'2018-04-18 02:35:38',NULL,NULL,NULL,'سوري عند مصطفى عراج',NULL,'سوري عند مصطفى عراج'),(471,'2018-04-18 02:35:38',NULL,NULL,NULL,'المدير عبد الحميد عراج',NULL,'المدير عبد الحميد عراج'),(472,'2018-04-18 02:35:38',NULL,NULL,NULL,'خضر الكردي',NULL,'خضر الكردي'),(473,'2018-04-18 02:35:38',NULL,NULL,NULL,'الامير ',NULL,'الامير '),(474,'2018-04-18 02:35:38',NULL,NULL,NULL,'مصطفى عراج',NULL,'مصطفى عراج'),(475,'2018-04-18 02:35:38',NULL,NULL,NULL,'مصطفى غنوم',NULL,'مصطفى غنوم'),(476,'2018-04-18 02:35:38',NULL,NULL,NULL,'احمد عراج',NULL,'احمد عراج'),(477,'2018-04-18 02:35:38',NULL,NULL,NULL,'ام خضر عراج ',NULL,'ام خضر عراج '),(478,'2018-04-18 02:35:38',NULL,NULL,NULL,'صهيب الكردي ',NULL,'صهيب الكردي '),(479,'2018-04-18 02:35:38',NULL,NULL,NULL,'محمد نظيم ناصر',NULL,'محمد نظيم ناصر'),(480,'2018-04-18 02:35:38',NULL,NULL,NULL,'علي اسماعيل كرنش',NULL,'علي اسماعيل كرنش'),(481,'2018-04-18 02:35:38',NULL,NULL,NULL,'صالح اسماعيل',NULL,'صالح اسماعيل'),(482,'2018-04-18 02:35:38',NULL,NULL,NULL,'سلوم يحيى(بيت)',NULL,'سلوم يحيى(بيت)'),(483,'2018-04-18 02:35:38',NULL,NULL,NULL,'ابو حسان عمار',NULL,'ابو حسان عمار'),(484,'2018-04-18 02:35:38',NULL,NULL,NULL,'احمد نصر ديب',NULL,'احمد نصر ديب'),(485,'2018-04-18 02:35:38',NULL,NULL,NULL,'مصطفى عريشة',NULL,'مصطفى عريشة'),(486,'2018-04-18 02:35:38',NULL,NULL,NULL,'جمال مصطفى طالب',NULL,'جمال مصطفى طالب'),(487,'2018-04-18 02:35:38',NULL,NULL,NULL,'علي مصطفى طالب',NULL,'علي مصطفى طالب'),(488,'2018-04-18 02:35:38',NULL,NULL,NULL,'علي عواضة',NULL,'علي عواضة'),(489,'2018-04-18 02:35:38',NULL,NULL,NULL,'حسن عواضة',NULL,'حسن عواضة'),(490,'2018-04-18 02:35:38',NULL,NULL,NULL,'عبد الحي عواضة',NULL,'عبد الحي عواضة'),(491,'2018-04-18 02:35:38',NULL,NULL,NULL,'ابراهيم عواضة',NULL,'ابراهيم عواضة'),(492,'2018-04-18 02:35:38',NULL,NULL,NULL,'مدرسة بيت الفقس',NULL,'مدرسة بيت الفقس'),(493,'2018-04-18 02:35:38',NULL,NULL,NULL,'مستوصف بيت الفقس',NULL,'مستوصف بيت الفقس'),(494,'2018-04-18 02:35:38',NULL,NULL,NULL,'داهود محل',NULL,'داهود محل'),(495,'2018-04-18 02:35:38',NULL,NULL,NULL,'ماهر عبدو عواضة',NULL,'ماهر عبدو عواضة'),(496,'2018-04-18 02:35:38',NULL,NULL,NULL,'حمودة عبدو عواضة',NULL,'حمودة عبدو عواضة'),(497,'2018-04-18 02:35:38',NULL,NULL,NULL,'زكريا عواضة',NULL,'زكريا عواضة'),(498,'2018-04-18 02:35:38',NULL,NULL,NULL,'محمود دياب',NULL,'محمود دياب'),(499,'2018-04-18 02:35:38',NULL,NULL,NULL,'يوسف عواضة',NULL,'يوسف عواضة'),(500,'2018-04-18 02:35:38',NULL,NULL,NULL,'حسان اسماعيل',NULL,'حسان اسماعيل'),(501,'2018-04-18 02:35:38',NULL,NULL,NULL,'محمد اسماعيل',NULL,'محمد اسماعيل'),(502,'2018-04-18 02:35:38',NULL,NULL,NULL,'رضوان ابو اليل',NULL,'رضوان ابو اليل'),(503,'2018-04-18 02:35:38',NULL,NULL,NULL,'محمد ديب',NULL,'محمد ديب'),(504,'2018-04-18 02:35:38',NULL,NULL,NULL,'حمد عواضة ',NULL,'حمد عواضة '),(505,'2018-04-18 02:35:38',NULL,NULL,NULL,'يوسف عواضة ',NULL,'يوسف عواضة '),(506,'2018-04-18 02:35:38',NULL,NULL,NULL,'محمود عواضة',NULL,'محمود عواضة'),(507,'2018-04-18 02:35:38',NULL,NULL,NULL,'عبد الجواد عواضة ',NULL,'عبد الجواد عواضة '),(508,'2018-04-18 02:35:38',NULL,NULL,NULL,'عبد الرحمن عواضة',NULL,'عبد الرحمن عواضة'),(509,'2018-04-18 02:35:38',NULL,NULL,NULL,'وليد عواضة',NULL,'وليد عواضة'),(510,'2018-04-18 02:35:38',NULL,NULL,NULL,'جلال عواضة',NULL,'جلال عواضة'),(511,'2018-04-18 02:35:38',NULL,NULL,NULL,'محمد عواضة',NULL,'محمد عواضة'),(512,'2018-04-18 02:35:38',NULL,NULL,NULL,'محمد غازي 1',NULL,'محمد غازي 1'),(513,'2018-04-18 02:35:38',NULL,NULL,NULL,'محمد غازي 2',NULL,'محمد غازي 2'),(514,'2018-04-18 02:35:38',NULL,NULL,NULL,'اليط يحيى',NULL,'اليط يحيى'),(515,'2018-04-18 02:35:38',NULL,NULL,NULL,'احمد غازي حسون',NULL,'احمد غازي حسون'),(516,'2018-04-18 02:35:38',NULL,NULL,NULL,'يحيى غازي',NULL,'يحيى غازي'),(517,'2018-04-18 02:35:38',NULL,NULL,NULL,'الشيخ فاروق',NULL,'الشيخ فاروق'),(518,'2018-04-18 02:35:38',NULL,NULL,NULL,'منمن يحيى',NULL,'منمن يحيى'),(519,'2018-04-18 02:35:38',NULL,NULL,NULL,'احمد دياب',NULL,'احمد دياب'),(520,'2018-04-18 02:35:38',NULL,NULL,NULL,'عمر حسين عواضه',NULL,'عمر حسين عواضه'),(521,'2018-04-18 02:35:38',NULL,NULL,NULL,'حسين دياب',NULL,'حسين دياب'),(522,'2018-04-18 02:35:38',NULL,NULL,NULL,'محمد دياب عواضه',NULL,'محمد دياب عواضه'),(523,'2018-04-18 02:35:38',NULL,NULL,NULL,'قطب حسون',NULL,'قطب حسون'),(524,'2018-04-18 02:35:38',NULL,NULL,NULL,'المدير احمد حسون',NULL,'المدير احمد حسون'),(525,'2018-04-18 02:35:38',NULL,NULL,NULL,'ابو زياد حسون ',NULL,'ابو زياد حسون '),(526,'2018-04-18 02:35:38',NULL,NULL,NULL,'جمال ابو بسام',NULL,'جمال ابو بسام'),(527,'2018-04-18 02:35:38',NULL,NULL,NULL,'محمود طالب',NULL,'محمود طالب'),(528,'2018-04-18 02:35:38',NULL,NULL,NULL,'منذر الشاعر',NULL,'منذر الشاعر'),(529,'2018-04-18 02:35:38',NULL,NULL,NULL,'فراس طالب',NULL,'فراس طالب'),(530,'2018-04-18 02:35:38',NULL,NULL,NULL,'المدير طالب',NULL,'المدير طالب'),(531,'2018-04-18 02:35:38',NULL,NULL,NULL,'احمد رشيد خالد',NULL,'احمد رشيد خالد'),(532,'2018-04-18 02:35:38',NULL,NULL,NULL,'احمد حسين عثمان',NULL,'احمد حسين عثمان'),(533,'2018-04-18 02:35:38',NULL,NULL,NULL,'ابو مازن عثمان',NULL,'ابو مازن عثمان'),(534,'2018-04-18 02:35:38',NULL,NULL,NULL,'بلال عثمان',NULL,'بلال عثمان'),(535,'2018-04-18 02:35:38',NULL,NULL,NULL,'لقمان خالد',NULL,'لقمان خالد'),(536,'2018-04-18 02:35:38',NULL,NULL,NULL,'صلاح عمار ',NULL,'صلاح عمار '),(537,'2018-04-18 02:35:38',NULL,NULL,NULL,'رشيد خالد ',NULL,'رشيد خالد '),(538,'2018-04-18 02:35:38',NULL,NULL,NULL,'عبد الستار عمار ',NULL,'عبد الستار عمار '),(539,'2018-04-18 02:35:38',NULL,NULL,NULL,'عبد الجليل عمار ',NULL,'عبد الجليل عمار '),(540,'2018-04-18 02:35:38',NULL,NULL,NULL,'فتحي خالد ',NULL,'فتحي خالد '),(541,'2018-04-18 02:35:38',NULL,NULL,NULL,'علي احمد خالد ',NULL,'علي احمد خالد '),(542,'2018-04-18 02:35:38',NULL,NULL,NULL,'علي حسن عمار ',NULL,'علي حسن عمار '),(543,'2018-04-18 02:35:38',NULL,NULL,NULL,'ربيع خالد ',NULL,'ربيع خالد '),(544,'2018-04-18 02:35:38',NULL,NULL,NULL,'احمد نايفة (محل) ',NULL,'احمد نايفة (محل) '),(545,'2018-04-18 02:35:38',NULL,NULL,NULL,'احمد عثمان م ',NULL,'احمد عثمان م '),(546,'2018-04-18 02:35:38',NULL,NULL,NULL,'محمد كرباج ',NULL,'محمد كرباج '),(547,'2018-04-18 02:35:38',NULL,NULL,NULL,'عمر كرباج ',NULL,'عمر كرباج '),(548,'2018-04-18 02:35:38',NULL,NULL,NULL,'مصطفى عمر ',NULL,'مصطفى عمر '),(549,'2018-04-18 02:35:38',NULL,NULL,NULL,'كمال عمار ',NULL,'كمال عمار '),(550,'2018-04-18 02:35:38',NULL,NULL,NULL,'المختار محمد احمد مصطفى ',NULL,'المختار محمد احمد مصطفى '),(551,'2018-04-18 02:35:38',NULL,NULL,NULL,'المختار جمال عمار ',NULL,'المختار جمال عمار '),(552,'2018-04-18 02:35:38',NULL,NULL,NULL,'ابو خضير عمر ',NULL,'ابو خضير عمر '),(553,'2018-04-18 02:35:38',NULL,NULL,NULL,'محمد بربر ',NULL,'محمد بربر '),(554,'2018-04-18 02:35:38',NULL,NULL,NULL,'مصباح عمار ',NULL,'مصباح عمار '),(555,'2018-04-18 02:35:38',NULL,NULL,NULL,'ابو عبدو عمار ',NULL,'ابو عبدو عمار '),(556,'2018-04-18 02:35:38',NULL,NULL,NULL,'احمد نايفة (بيت) ',NULL,'احمد نايفة (بيت) '),(557,'2018-04-18 02:35:38',NULL,NULL,NULL,'رواد كرباج ',NULL,'رواد كرباج '),(558,'2018-04-18 02:35:38',NULL,NULL,NULL,'علي محمود مريم ',NULL,'علي محمود مريم '),(559,'2018-04-18 02:35:38',NULL,NULL,NULL,'خديجة مريم ',NULL,'خديجة مريم '),(560,'2018-04-18 02:35:38',NULL,NULL,NULL,'احمد محمود مريم ',NULL,'احمد محمود مريم '),(561,'2018-04-18 02:35:38',NULL,NULL,NULL,'حسن علي مريم ',NULL,'حسن علي مريم '),(562,'2018-04-18 02:35:38',NULL,NULL,NULL,'ابو بلال خالد ',NULL,'ابو بلال خالد '),(563,'2018-04-18 02:35:38',NULL,NULL,NULL,'عماد خالد ',NULL,'عماد خالد '),(564,'2018-04-18 02:35:38',NULL,NULL,NULL,'فاروق خالد ',NULL,'فاروق خالد '),(565,'2018-04-18 02:35:38',NULL,NULL,NULL,'يونس شحادة ',NULL,'يونس شحادة '),(566,'2018-04-18 02:35:38',NULL,NULL,NULL,'علاء عمار ',NULL,'علاء عمار '),(567,'2018-04-18 02:35:38',NULL,NULL,NULL,'احمد عبد العزيز ',NULL,'احمد عبد العزيز '),(568,'2018-04-18 02:35:38',NULL,NULL,NULL,'يحيى عبد العزيز ',NULL,'يحيى عبد العزيز '),(569,'2018-04-18 02:35:38',NULL,NULL,NULL,'ختيار عبد العزيز ',NULL,'ختيار عبد العزيز '),(570,'2018-04-18 02:35:38',NULL,NULL,NULL,'وليد شحادة ',NULL,'وليد شحادة '),(571,'2018-04-18 02:35:38',NULL,NULL,NULL,'خالد شحادة ',NULL,'خالد شحادة '),(572,'2018-04-18 02:35:38',NULL,NULL,NULL,'طويل شحادة ',NULL,'طويل شحادة '),(573,'2018-04-18 02:35:38',NULL,NULL,NULL,'احمد شحادة ',NULL,'احمد شحادة '),(574,'2018-04-18 02:35:38',NULL,NULL,NULL,'ابوع حمد ',NULL,'ابوع حمد '),(575,'2018-04-18 02:35:38',NULL,NULL,NULL,'احمد عبد الله حمد ',NULL,'احمد عبد الله حمد '),(576,'2018-04-18 02:35:38',NULL,NULL,NULL,'جمال علي طالب ',NULL,'جمال علي طالب '),(577,'2018-04-18 02:35:38',NULL,NULL,NULL,'خالد علي طالب ',NULL,'خالد علي طالب '),(578,'2018-04-18 02:35:38',NULL,NULL,NULL,'علي برغل ',NULL,'علي برغل '),(579,'2018-04-18 02:35:38',NULL,NULL,NULL,'ابو مجد ',NULL,'ابو مجد '),(580,'2018-04-18 02:35:38',NULL,NULL,NULL,'جهاد علي توفيق ',NULL,'جهاد علي توفيق '),(581,'2018-04-18 02:35:38',NULL,NULL,NULL,'محطة ',NULL,'محطة '),(582,'2018-04-18 02:35:38',NULL,NULL,NULL,'زياد علي توفيق ',NULL,'زياد علي توفيق '),(583,'2018-04-18 02:35:38',NULL,NULL,NULL,'عمر حمد ',NULL,'عمر حمد '),(584,'2018-04-18 02:35:38',NULL,NULL,NULL,'طلال عمار (محل)',NULL,'طلال عمار (محل)'),(585,'2018-04-18 02:35:38',NULL,NULL,NULL,'حسام حمد ',NULL,'حسام حمد '),(586,'2018-04-18 02:35:38',NULL,NULL,NULL,'عبد الحسيب ',NULL,'عبد الحسيب '),(587,'2018-04-18 02:35:38',NULL,NULL,NULL,'علاء الحاج ',NULL,'علاء الحاج '),(588,'2018-04-18 02:35:38',NULL,NULL,NULL,'محمد عبد الحسيب ',NULL,'محمد عبد الحسيب '),(589,'2018-04-18 02:35:38',NULL,NULL,NULL,'عبودة شفيق ',NULL,'عبودة شفيق '),(590,'2018-04-18 02:35:38',NULL,NULL,NULL,'عبد العاطي الحج ',NULL,'عبد العاطي الحج '),(591,'2018-04-18 02:35:38',NULL,NULL,NULL,'عبد اللطيف الحج ',NULL,'عبد اللطيف الحج '),(592,'2018-04-18 02:35:38',NULL,NULL,NULL,'عبد الغفور عيسى ',NULL,'عبد الغفور عيسى '),(593,'2018-04-18 02:35:38',NULL,NULL,NULL,'يونس شحادة ',NULL,'يونس شحادة '),(594,'2018-04-18 02:35:38',NULL,NULL,NULL,'سوري عند بيت شفيق ',NULL,'سوري عند بيت شفيق '),(595,'2018-04-18 02:35:38',NULL,NULL,NULL,'بريش ',NULL,'بريش '),(596,'2018-04-18 02:35:38',NULL,NULL,NULL,'محمد طالب ',NULL,'محمد طالب '),(597,'2018-04-18 02:35:38',NULL,NULL,NULL,'عصفور ',NULL,'عصفور '),(598,'2018-04-18 02:35:38',NULL,NULL,NULL,'السوري عند عبد الغفور عيسى ',NULL,'السوري عند عبد الغفور عيسى '),(599,'2018-04-18 02:35:38',NULL,NULL,NULL,'محمود بهيجة ',NULL,'محمود بهيجة '),(600,'2018-04-18 02:35:38',NULL,NULL,NULL,'عدنان شحادة ',NULL,'عدنان شحادة '),(601,'2018-04-18 02:35:38',NULL,NULL,NULL,'عبد الودود اسماعيل ',NULL,'عبد الودود اسماعيل '),(602,'2018-04-18 02:35:38',NULL,NULL,NULL,'حليمة شحادة ',NULL,'حليمة شحادة '),(603,'2018-04-18 02:35:38',NULL,NULL,NULL,'المدير علي اسماعيل ',NULL,'المدير علي اسماعيل '),(604,'2018-04-18 02:35:38',NULL,NULL,NULL,'حاتم عثمان ',NULL,'حاتم عثمان '),(605,'2018-04-18 02:35:38',NULL,NULL,NULL,'وليد عثمان',NULL,'وليد عثمان'),(606,'2018-04-18 02:35:38',NULL,NULL,NULL,'حمد عواضة2',NULL,'حمد عواضة2'),(607,'2018-04-18 02:35:38',NULL,NULL,NULL,'محمود ابو طارق ',NULL,'محمود ابو طارق '),(608,'2018-04-18 02:35:38',NULL,NULL,NULL,'وسام خالد ',NULL,'وسام خالد '),(609,'2018-04-18 02:35:38',NULL,NULL,NULL,'عاصم اسماعيل ',NULL,'عاصم اسماعيل '),(610,'2018-04-18 02:35:38',NULL,NULL,NULL,'سلوم اسماعيل ',NULL,'سلوم اسماعيل '),(611,'2018-04-18 02:35:38',NULL,NULL,NULL,'الاستاذ عبد الرحمن يحيى ',NULL,'الاستاذ عبد الرحمن يحيى '),(612,'2018-04-18 02:35:38',NULL,NULL,NULL,'نصر ديب ',NULL,'نصر ديب '),(613,'2018-04-18 02:35:38',NULL,NULL,NULL,'حليمة خالد ',NULL,'حليمة خالد '),(614,'2018-04-18 02:35:38',NULL,NULL,NULL,'راغد خالد ',NULL,'راغد خالد '),(615,'2018-04-18 02:35:38',NULL,NULL,NULL,'عبد الخالق يحيى ',NULL,'عبد الخالق يحيى '),(616,'2018-04-18 02:35:38',NULL,NULL,NULL,'د.ابو سعد ',NULL,'د.ابو سعد '),(617,'2018-04-18 02:35:38',NULL,NULL,NULL,'عبد الحكيم يحيى ',NULL,'عبد الحكيم يحيى '),(618,'2018-04-18 02:35:38',NULL,NULL,NULL,'د.محمد عثمان ',NULL,'د.محمد عثمان '),(619,'2018-04-18 02:35:38',NULL,NULL,NULL,'عبد الفتاح عثمان ',NULL,'عبد الفتاح عثمان '),(620,'2018-04-18 02:35:38',NULL,NULL,NULL,'عبد الهدي حمد ',NULL,'عبد الهدي حمد '),(621,'2018-04-18 02:35:38',NULL,NULL,NULL,'عصام عثمان ',NULL,'عصام عثمان '),(622,'2018-04-18 02:35:38',NULL,NULL,NULL,'عبد الرؤف عثمان ',NULL,'عبد الرؤف عثمان '),(623,'2018-04-18 02:35:38',NULL,NULL,NULL,'محمد عثمان ',NULL,'محمد عثمان '),(624,'2018-04-18 02:35:38',NULL,NULL,NULL,'علي عثمان ',NULL,'علي عثمان '),(625,'2018-04-18 02:35:38',NULL,NULL,NULL,'عثمان حمد ',NULL,'عثمان حمد '),(626,'2018-04-18 02:35:38',NULL,NULL,NULL,'حافظ عثمان',NULL,'حافظ عثمان'),(627,'2018-04-18 02:35:38',NULL,NULL,NULL,'عبد الرحمن زينه',NULL,'عبد الرحمن زينه'),(628,'2018-04-18 02:35:38',NULL,NULL,NULL,'عبد السلام حمد',NULL,'عبد السلام حمد'),(629,'2018-04-18 02:35:38',NULL,NULL,NULL,'فلافل ابو ابراهيم',NULL,'فلافل ابو ابراهيم'),(630,'2018-04-18 02:35:38',NULL,NULL,NULL,'سامر رسلان',NULL,'سامر رسلان'),(631,'2018-04-18 02:35:38',NULL,NULL,NULL,'احمد رسلان',NULL,'احمد رسلان'),(632,'2018-04-18 02:35:38',NULL,NULL,NULL,'عاصم رسلان',NULL,'عاصم رسلان'),(633,'2018-04-18 02:35:38',NULL,NULL,NULL,'وسيم هرموش',NULL,'وسيم هرموش'),(634,'2018-04-18 02:35:38',NULL,NULL,NULL,'عماد ابو علي',NULL,'عماد ابو علي'),(635,'2018-04-18 02:35:38',NULL,NULL,NULL,'ابو العز عمار',NULL,'ابو العز عمار'),(636,'2018-04-18 02:35:38',NULL,NULL,NULL,'طارق ابو علي',NULL,'طارق ابو علي'),(637,'2018-04-18 02:35:38',NULL,NULL,NULL,'محمود ايوب',NULL,'محمود ايوب'),(638,'2018-04-18 02:35:38',NULL,NULL,NULL,'مصطفى كورال',NULL,'مصطفى كورال'),(639,'2018-04-18 02:35:38',NULL,NULL,NULL,'جمال فؤاد عبد القادر',NULL,'جمال فؤاد عبد القادر'),(640,'2018-04-18 02:35:38',NULL,NULL,NULL,'عدنان هاشم',NULL,'عدنان هاشم'),(641,'2018-04-18 02:35:38',NULL,NULL,NULL,'عبد الواحد عبلى ',NULL,'عبد الواحد عبلى '),(642,'2018-04-18 02:35:38',NULL,NULL,NULL,'مصطفى عيشه',NULL,'مصطفى عيشه'),(643,'2018-04-18 02:35:38',NULL,NULL,NULL,'حامد رهيف عمار',NULL,'حامد رهيف عمار'),(644,'2018-04-18 02:35:38',NULL,NULL,NULL,'الشيخ سمير عمار',NULL,'الشيخ سمير عمار'),(645,'2018-04-18 02:35:38',NULL,NULL,NULL,'د. احمد عبله',NULL,'د. احمد عبله'),(646,'2018-04-18 02:35:38',NULL,NULL,NULL,'بنكل عبله',NULL,'بنكل عبله'),(647,'2018-04-18 02:35:38',NULL,NULL,NULL,'خالد عبله',NULL,'خالد عبله'),(648,'2018-04-18 02:35:38',NULL,NULL,NULL,'عبد الرحمن عبله',NULL,'عبد الرحمن عبله'),(649,'2018-04-18 02:35:38',NULL,NULL,NULL,'ابو فادي ناصر',NULL,'ابو فادي ناصر'),(650,'2018-04-18 02:35:38',NULL,NULL,NULL,'الاستاذ رامي',NULL,'الاستاذ رامي'),(651,'2018-04-18 02:35:38',NULL,NULL,NULL,'عبد الغفور ديب',NULL,'عبد الغفور ديب'),(652,'2018-04-18 02:35:38',NULL,NULL,NULL,'عبد المنعم عبله',NULL,'عبد المنعم عبله'),(653,'2018-04-18 02:35:38',NULL,NULL,NULL,'حسان ديب',NULL,'حسان ديب'),(654,'2018-04-18 02:35:38',NULL,NULL,NULL,'ابو احمد ديب',NULL,'ابو احمد ديب'),(655,'2018-04-18 02:35:38',NULL,NULL,NULL,'خالد الزاهد',NULL,'خالد الزاهد'),(656,'2018-04-18 02:35:38',NULL,NULL,NULL,'كشكول',NULL,'كشكول'),(657,'2018-04-18 02:35:38',NULL,NULL,NULL,'خالد ديب',NULL,'خالد ديب'),(658,'2018-04-18 02:35:38',NULL,NULL,NULL,'عبد السلام ديب',NULL,'عبد السلام ديب'),(659,'2018-04-18 02:35:38',NULL,NULL,NULL,'عبد الجواد حسون',NULL,'عبد الجواد حسون'),(660,'2018-04-18 02:35:38',NULL,NULL,NULL,'بسام حسون',NULL,'بسام حسون'),(661,'2018-04-18 02:35:38',NULL,NULL,NULL,'عبد المولى ديب',NULL,'عبد المولى ديب'),(662,'2018-04-18 02:35:38',NULL,NULL,NULL,'عبد السلام ابو حمد',NULL,'عبد السلام ابو حمد'),(663,'2018-04-18 02:35:38',NULL,NULL,NULL,'زكريا ديب',NULL,'زكريا ديب'),(664,'2018-04-18 02:35:38',NULL,NULL,NULL,'زياد ديب',NULL,'زياد ديب'),(665,'2018-04-18 02:35:38',NULL,NULL,NULL,'خضر حسون',NULL,'خضر حسون'),(666,'2018-04-18 02:35:38',NULL,NULL,NULL,'ابراهيم عكاز',NULL,'ابراهيم عكاز'),(667,'2018-04-18 02:35:38',NULL,NULL,NULL,'محمد بكر ديب',NULL,'محمد بكر ديب'),(668,'2018-04-18 02:35:38',NULL,NULL,NULL,'عبد الباقي ديب',NULL,'عبد الباقي ديب'),(669,'2018-04-18 02:35:38',NULL,NULL,NULL,'عبد الصمد ديب',NULL,'عبد الصمد ديب'),(670,'2018-04-18 02:35:38',NULL,NULL,NULL,'عيسى ديب',NULL,'عيسى ديب'),(671,'2018-04-18 02:35:38',NULL,NULL,NULL,'علي بطه',NULL,'علي بطه'),(672,'2018-04-18 02:35:38',NULL,NULL,NULL,'عبد المعطي ديب',NULL,'عبد المعطي ديب'),(673,'2018-04-18 02:35:38',NULL,NULL,NULL,'د. رياض عثمان',NULL,'د. رياض عثمان'),(674,'2018-04-18 02:35:38',NULL,NULL,NULL,'عبد الرحيم عثمان',NULL,'عبد الرحيم عثمان'),(675,'2018-04-18 02:35:38',NULL,NULL,NULL,'هبو ديب',NULL,'هبو ديب'),(676,'2018-04-18 02:35:38',NULL,NULL,NULL,'صفوان مروان',NULL,'صفوان مروان'),(677,'2018-04-18 02:35:38',NULL,NULL,NULL,'عبد الفتاح مروان',NULL,'عبد الفتاح مروان'),(678,'2018-04-18 02:35:38',NULL,NULL,NULL,'محمد مروان',NULL,'محمد مروان'),(679,'2018-04-18 02:35:38',NULL,NULL,NULL,'محمد يق',NULL,'محمد يق'),(680,'2018-04-18 02:35:38',NULL,NULL,NULL,'عبد الشكور( قهوة)',NULL,'عبد الشكور( قهوة)'),(681,'2018-04-18 02:35:38',NULL,NULL,NULL,'يوسف عثمان',NULL,'يوسف عثمان'),(682,'2018-04-18 02:35:38',NULL,NULL,NULL,'عبد الهادي الدريعي',NULL,'عبد الهادي الدريعي'),(683,'2018-04-18 02:35:38',NULL,NULL,NULL,'عبد المنعم عثمان',NULL,'عبد المنعم عثمان'),(684,'2018-04-18 02:35:38',NULL,NULL,NULL,'عبد الله الدريعي',NULL,'عبد الله الدريعي'),(685,'2018-04-18 02:35:38',NULL,NULL,NULL,'سوري عند مصطفى رشيد',NULL,'سوري عند مصطفى رشيد'),(686,'2018-04-18 02:35:38',NULL,NULL,NULL,'مصطفى رشيد',NULL,'مصطفى رشيد'),(687,'2018-04-18 02:35:38',NULL,NULL,NULL,'ابو صابر',NULL,'ابو صابر'),(688,'2018-04-18 02:35:38',NULL,NULL,NULL,'زياد عثمان (محل)',NULL,'زياد عثمان (محل)'),(689,'2018-04-18 02:35:38',NULL,NULL,NULL,'صالح عمار',NULL,'صالح عمار'),(690,'2018-04-18 02:35:38',NULL,NULL,NULL,'عبد الفتاح عمار',NULL,'عبد الفتاح عمار'),(691,'2018-04-18 02:35:38',NULL,NULL,NULL,'ابو نبيل الدريعي',NULL,'ابو نبيل الدريعي'),(692,'2018-04-18 02:35:38',NULL,NULL,NULL,'الحج محمود عمار',NULL,'الحج محمود عمار'),(693,'2018-04-18 02:35:38',NULL,NULL,NULL,'محمد وليد عمار',NULL,'محمد وليد عمار'),(694,'2018-04-18 02:35:38',NULL,NULL,NULL,'عمر عمار',NULL,'عمر عمار'),(695,'2018-04-18 02:35:38',NULL,NULL,NULL,'حمودة عمار',NULL,'حمودة عمار'),(696,'2018-04-18 02:35:38',NULL,NULL,NULL,'نبيل الدريعي',NULL,'نبيل الدريعي'),(697,'2018-04-18 02:35:38',NULL,NULL,NULL,'شادي ديب',NULL,'شادي ديب'),(698,'2018-04-18 02:35:38',NULL,NULL,NULL,'عبدو ديب',NULL,'عبدو ديب'),(699,'2018-04-18 02:35:38',NULL,NULL,NULL,'علي حسيبة',NULL,'علي حسيبة'),(700,'2018-04-18 02:35:38',NULL,NULL,NULL,'طارق حسيبه',NULL,'طارق حسيبه'),(701,'2018-04-18 02:35:38',NULL,NULL,NULL,'عبد المولى حمد',NULL,'عبد المولى حمد'),(702,'2018-04-18 02:35:38',NULL,NULL,NULL,'سوري عند عبد 1',NULL,'سوري عند عبد 1'),(703,'2018-04-18 02:35:38',NULL,NULL,NULL,'حمد سوري 2',NULL,'حمد سوري 2'),(704,'2018-04-18 02:35:38',NULL,NULL,NULL,'رندة اسماعيل',NULL,'رندة اسماعيل'),(705,'2018-04-18 02:35:38',NULL,NULL,NULL,'ابو  طلعات حمد',NULL,'ابو  طلعات حمد'),(706,'2018-04-18 02:35:38',NULL,NULL,NULL,'س ابو تميم (بيت)',NULL,'س ابو تميم (بيت)'),(707,'2018-04-18 02:35:38',NULL,NULL,NULL,'حمودة عمار',NULL,'حمودة عمار'),(708,'2018-04-18 02:35:38',NULL,NULL,NULL,'الحاج احمد اسماعيل ',NULL,'الحاج احمد اسماعيل '),(709,'2018-04-18 02:35:38',NULL,NULL,NULL,'مصطفى اسماعيل',NULL,'مصطفى اسماعيل'),(710,'2018-04-18 02:35:38',NULL,NULL,NULL,'فوزي حمد',NULL,'فوزي حمد'),(711,'2018-04-18 02:35:38',NULL,NULL,NULL,'سوري عند ابو عدنان حمد',NULL,'سوري عند ابو عدنان حمد'),(712,'2018-04-18 02:35:38',NULL,NULL,NULL,'الحلاق مصطفى عبد القادر',NULL,'الحلاق مصطفى عبد القادر'),(713,'2018-04-18 02:35:38',NULL,NULL,NULL,'نزار عمار',NULL,'نزار عمار'),(714,'2018-04-18 02:35:38',NULL,NULL,NULL,'حسين البيك',NULL,'حسين البيك'),(715,'2018-04-18 02:35:38',NULL,NULL,NULL,'رياح عمار',NULL,'رياح عمار'),(716,'2018-04-18 02:35:38',NULL,NULL,NULL,'خلدون عمار',NULL,'خلدون عمار'),(717,'2018-04-18 02:35:38',NULL,NULL,NULL,'المدير عبد الغني',NULL,'المدير عبد الغني'),(718,'2018-04-18 02:35:38',NULL,NULL,NULL,'ابو ماجد عثمان',NULL,'ابو ماجد عثمان'),(719,'2018-04-18 02:35:38',NULL,NULL,NULL,'براء عمار',NULL,'براء عمار'),(720,'2018-04-18 02:35:38',NULL,NULL,NULL,'حمودة عبدو عمار',NULL,'حمودة عبدو عمار'),(721,'2018-04-18 02:35:38',NULL,NULL,NULL,'مالك عمار',NULL,'مالك عمار'),(722,'2018-04-18 02:35:38',NULL,NULL,NULL,'عمار عمار',NULL,'عمار عمار'),(723,'2018-04-18 02:35:38',NULL,NULL,NULL,'منير حج حسن',NULL,'منير حج حسن'),(724,'2018-04-18 02:35:38',NULL,NULL,NULL,'ابو النظام عمار',NULL,'ابو النظام عمار'),(725,'2018-04-18 02:35:38',NULL,NULL,NULL,'نعيمه جمال (محل)',NULL,'نعيمه جمال (محل)'),(726,'2018-04-18 02:35:38',NULL,NULL,NULL,'هادي الشيخ نور',NULL,'هادي الشيخ نور'),(727,'2018-04-18 02:35:38',NULL,NULL,NULL,'زهار عمار',NULL,'زهار عمار'),(728,'2018-04-18 02:35:38',NULL,NULL,NULL,'عبد الكريم عمار',NULL,'عبد الكريم عمار'),(729,'2018-04-18 02:35:38',NULL,NULL,NULL,'عبد الحكيم عمار',NULL,'عبد الحكيم عمار'),(730,'2018-04-18 02:35:38',NULL,NULL,NULL,'حكمت عمار',NULL,'حكمت عمار'),(731,'2018-04-18 02:35:38',NULL,NULL,NULL,'حسين علي اسماعيل',NULL,'حسين علي اسماعيل'),(732,'2018-04-18 02:35:38',NULL,NULL,NULL,'ام حسين (ابو شوارب)',NULL,'ام حسين (ابو شوارب)'),(733,'2018-04-18 02:35:38',NULL,NULL,NULL,'ابو عامر عبد الله ',NULL,'ابو عامر عبد الله '),(734,'2018-04-18 02:35:38',NULL,NULL,NULL,' ابو احمد سوري',NULL,' ابو احمد سوري'),(735,'2018-04-18 02:35:38',NULL,NULL,NULL,'خالد عبد الله حمد',NULL,'خالد عبد الله حمد'),(736,'2018-04-18 02:35:38',NULL,NULL,NULL,'ثانوية بيت الفقس',NULL,'ثانوية بيت الفقس'),(737,'2018-04-18 02:35:38',NULL,NULL,NULL,'ابو فؤاد السوري',NULL,'ابو فؤاد السوري'),(738,'2018-04-18 02:35:38',NULL,NULL,NULL,'ابو ماهر السوري',NULL,'ابو ماهر السوري'),(739,'2018-04-18 02:35:38',NULL,NULL,NULL,'ابو زياد السوري',NULL,'ابو زياد السوري'),(740,'2018-04-18 02:35:38',NULL,NULL,NULL,'سوري طابق 5',NULL,'سوري طابق 5'),(741,'2018-04-18 02:35:38',NULL,NULL,NULL,'زياد فيصل حمد',NULL,'زياد فيصل حمد'),(742,'2018-04-18 02:35:38',NULL,NULL,NULL,'السوري بالطابق 4 ابو علاء',NULL,'السوري بالطابق 4 ابو علاء'),(743,'2018-04-18 02:35:38',NULL,NULL,NULL,'سوري عند علي وجيه',NULL,'سوري عند علي وجيه'),(744,'2018-04-18 02:35:38',NULL,NULL,NULL,'ابو محمد السوري ',NULL,'ابو محمد السوري '),(745,'2018-04-18 02:35:38',NULL,NULL,NULL,'سعد علي عيشة ',NULL,'سعد علي عيشة '),(746,'2018-04-18 02:35:38',NULL,NULL,NULL,'عبد الملك عمار ',NULL,'عبد الملك عمار '),(747,'2018-04-18 02:35:38',NULL,NULL,NULL,'خالد عبد الله حمد 2',NULL,'خالد عبد الله حمد 2'),(748,'2018-04-18 02:35:38',NULL,NULL,NULL,'احمد علوش لحام ',NULL,'احمد علوش لحام '),(749,'2018-04-18 02:35:38',NULL,NULL,NULL,'محمد مريم ',NULL,'محمد مريم '),(750,'2018-04-18 02:35:38',NULL,NULL,NULL,'علي وجيه ',NULL,'علي وجيه '),(751,'2018-04-18 02:35:38',NULL,NULL,NULL,'عبد الحكيم عكيل ',NULL,'عبد الحكيم عكيل '),(752,'2018-04-18 02:35:38',NULL,NULL,NULL,'احمد اسماعيل عكيل ',NULL,'احمد اسماعيل عكيل '),(753,'2018-04-18 02:35:38',NULL,NULL,NULL,'حسون حسون ',NULL,'حسون حسون '),(754,'2018-04-18 02:35:38',NULL,NULL,NULL,'ابو حسن عمار ',NULL,'ابو حسن عمار '),(755,'2018-04-18 02:35:38',NULL,NULL,NULL,'احمد الحاج ',NULL,'احمد الحاج '),(756,'2018-04-18 02:35:38',NULL,NULL,NULL,'غسان حميد ',NULL,'غسان حميد '),(757,'2018-04-18 02:35:38',NULL,NULL,NULL,'عثمان حميد ',NULL,'عثمان حميد '),(758,'2018-04-18 02:35:38',NULL,NULL,NULL,'محمد اسماعيل دهان ',NULL,'محمد اسماعيل دهان '),(759,'2018-04-18 02:35:38',NULL,NULL,NULL,'مدين اسماعيل ',NULL,'مدين اسماعيل '),(760,'2018-04-18 02:35:38',NULL,NULL,NULL,'ابو راضي عثمان ',NULL,'ابو راضي عثمان '),(761,'2018-04-18 02:35:38',NULL,NULL,NULL,'ام محمد الزخيم ',NULL,'ام محمد الزخيم '),(762,'2018-04-18 02:35:38',NULL,NULL,NULL,'ابو وليد عثمان ',NULL,'ابو وليد عثمان '),(763,'2018-04-18 02:35:38',NULL,NULL,NULL,'محمد الزخيم ',NULL,'محمد الزخيم '),(764,'2018-04-18 02:35:38',NULL,NULL,NULL,'ابو تمام عمار ',NULL,'ابو تمام عمار '),(765,'2018-04-18 02:35:38',NULL,NULL,NULL,'احمد ابو رضوان ',NULL,'احمد ابو رضوان '),(766,'2018-04-18 02:35:38',NULL,NULL,NULL,'براء عثمان ',NULL,'براء عثمان '),(767,'2018-04-18 02:35:38',NULL,NULL,NULL,'طارق اسماعيل ',NULL,'طارق اسماعيل '),(768,'2018-04-18 02:35:38',NULL,NULL,NULL,'ابو حسن عمار ',NULL,'ابو حسن عمار '),(769,'2018-04-18 02:35:38',NULL,NULL,NULL,'سوري عند عدنان',NULL,'سوري عند عدنان'),(770,'2018-04-18 02:35:38',NULL,NULL,NULL,'رامز اسماعيل',NULL,'رامز اسماعيل'),(771,'2018-04-18 02:35:38',NULL,NULL,NULL,'عبد الناصر اسماعيل ',NULL,'عبد الناصر اسماعيل '),(772,'2018-04-18 02:35:38',NULL,NULL,NULL,'بلال عمار ',NULL,'بلال عمار '),(773,'2018-04-18 02:35:38',NULL,NULL,NULL,'حسين حريرة ',NULL,'حسين حريرة '),(774,'2018-04-18 02:35:38',NULL,NULL,NULL,'محمد عثمان الداكوري ',NULL,'محمد عثمان الداكوري '),(775,'2018-04-18 02:35:38',NULL,NULL,NULL,'المحامي محمود ',NULL,'المحامي محمود '),(776,'2018-04-18 02:35:38',NULL,NULL,NULL,'جلال عواضة',NULL,'جلال عواضة'),(777,'2018-04-18 02:35:38',NULL,NULL,NULL,'وليد عواضة',NULL,'وليد عواضة'),(778,'2018-04-18 02:35:38',NULL,NULL,NULL,'مالك عثمان',NULL,'مالك عثمان'),(779,'2018-04-18 02:35:38',NULL,NULL,NULL,'محمود عثمان عمار',NULL,'محمود عثمان عمار'),(780,'2018-04-18 02:35:38',NULL,NULL,NULL,'سوري عند الحج الابيض',NULL,'سوري عند الحج الابيض'),(781,'2018-04-18 02:35:38',NULL,NULL,NULL,'ابو هيثم عثمان',NULL,'ابو هيثم عثمان'),(782,'2018-04-18 02:35:38',NULL,NULL,NULL,'علي الخطير',NULL,'علي الخطير'),(783,'2018-04-18 02:35:38',NULL,NULL,NULL,'نزار عثمان',NULL,'نزار عثمان'),(784,'2018-04-18 02:35:38',NULL,NULL,NULL,'مصطفى عثمان',NULL,'مصطفى عثمان'),(785,'2018-04-18 02:35:38',NULL,NULL,NULL,'عريشة (منزل)',NULL,'عريشة (منزل)'),(786,'2018-04-18 02:35:38',NULL,NULL,NULL,'وسام علي طالب',NULL,'وسام علي طالب'),(787,'2018-04-18 02:35:38',NULL,NULL,NULL,'ابو ماجد عثمان',NULL,'ابو ماجد عثمان'),(788,'2018-04-18 02:35:38',NULL,NULL,NULL,'عبد الرحمن شحادة',NULL,'عبد الرحمن شحادة'),(789,'2018-04-18 02:35:38',NULL,NULL,NULL,'سوري عند ماجد',NULL,'سوري عند ماجد'),(790,'2018-04-18 02:35:38',NULL,NULL,NULL,'المدير علي الحج',NULL,'المدير علي الحج'),(791,'2018-04-18 02:35:38',NULL,NULL,NULL,'طلال عمار ',NULL,'طلال عمار '),(792,'2018-04-18 02:35:38',NULL,NULL,NULL,'زكريا عمار',NULL,'زكريا عمار'),(793,'2018-04-18 02:35:38',NULL,NULL,NULL,'احمد حميدة وداد',NULL,'احمد حميدة وداد'),(794,'2018-04-18 02:35:38',NULL,NULL,NULL,'جمال عمار',NULL,'جمال عمار'),(795,'2018-04-18 02:35:38',NULL,NULL,NULL,'ايهاب عمر عمار',NULL,'ايهاب عمر عمار'),(796,'2018-04-18 02:35:38',NULL,NULL,NULL,'يوسف اسماعيل',NULL,'يوسف اسماعيل'),(797,'2018-04-18 02:35:38',NULL,NULL,NULL,'ابو فؤاد هاشم',NULL,'ابو فؤاد هاشم'),(798,'2018-04-18 02:35:38',NULL,NULL,NULL,'محمد عبد القادر',NULL,'محمد عبد القادر'),(799,'2018-04-18 02:35:38',NULL,NULL,NULL,'مصطفى عبد القادر',NULL,'مصطفى عبد القادر'),(800,'2018-04-18 02:35:38',NULL,NULL,NULL,'أحمد جكوم',NULL,'أحمد جكوم'),(801,'2018-04-18 02:35:38',NULL,NULL,NULL,'جمال ابو غسان',NULL,'جمال ابو غسان'),(802,'2018-04-18 02:35:38',NULL,NULL,NULL,'ابو غسان حمد',NULL,'ابو غسان حمد'),(803,'2018-04-18 02:35:38',NULL,NULL,NULL,'غسان حمد',NULL,'غسان حمد'),(804,'2018-04-18 02:35:38',NULL,NULL,NULL,'سيف الدين حمد',NULL,'سيف الدين حمد'),(805,'2018-04-18 02:35:38',NULL,NULL,NULL,'ماهر عمار',NULL,'ماهر عمار'),(806,'2018-04-18 02:35:38',NULL,NULL,NULL,'د. حسين حمد',NULL,'د. حسين حمد'),(807,'2018-04-18 02:35:38',NULL,NULL,NULL,'عبد الرحمن الشيخ',NULL,'عبد الرحمن الشيخ'),(808,'2018-04-18 02:35:38',NULL,NULL,NULL,'محمود نزيه عمار',NULL,'محمود نزيه عمار'),(809,'2018-04-18 02:35:38',NULL,NULL,NULL,'فيصل حمد',NULL,'فيصل حمد'),(810,'2018-04-18 02:35:38',NULL,NULL,NULL,'علي زهيه حمد',NULL,'علي زهيه حمد'),(811,'2018-04-18 02:35:38',NULL,NULL,NULL,'احمد نوف',NULL,'احمد نوف'),(812,'2018-04-18 02:35:38',NULL,NULL,NULL,'احمد بيو حسيان',NULL,'احمد بيو حسيان'),(813,'2018-04-18 02:35:38',NULL,NULL,NULL,'نوف شوك',NULL,'نوف شوك'),(814,'2018-04-18 02:35:38',NULL,NULL,NULL,'حسين عبد الله حمد',NULL,'حسين عبد الله حمد'),(815,'2018-04-18 02:35:38',NULL,NULL,NULL,'ساري حمد',NULL,'ساري حمد'),(816,'2018-04-18 02:35:38',NULL,NULL,NULL,'الاستاذ احمد الحاج',NULL,'الاستاذ احمد الحاج'),(817,'2018-04-18 02:35:38',NULL,NULL,NULL,'سوري عدنان 2',NULL,'سوري عدنان 2'),(818,'2018-04-18 02:35:38',NULL,NULL,NULL,'سوري عند عدنان اسماعيل',NULL,'سوري عند عدنان اسماعيل'),(819,'2018-04-18 02:35:38',NULL,NULL,NULL,'عبد المنعم عثمان الدريعي',NULL,'عبد المنعم عثمان الدريعي'),(820,'2018-04-18 02:35:38',NULL,NULL,NULL,'محمد محمود الحايك',NULL,'محمد محمود الحايك'),(821,'2018-04-18 02:35:38',NULL,NULL,NULL,'عبد الفتاح نصر',NULL,'عبد الفتاح نصر'),(822,'2018-04-18 02:35:38',NULL,NULL,NULL,'موسى حسون',NULL,'موسى حسون'),(823,'2018-04-18 02:35:38',NULL,NULL,NULL,'وسيم حسون',NULL,'وسيم حسون'),(824,'2018-04-18 02:35:38',NULL,NULL,NULL,'مصطفى عمار ',NULL,'مصطفى عمار '),(825,'2018-04-18 02:35:38',NULL,NULL,NULL,'محمد محمود عيسى',NULL,'محمد محمود عيسى'),(826,'2018-04-18 02:35:38',NULL,NULL,NULL,'بسام عيسى',NULL,'بسام عيسى'),(827,'2018-04-18 02:35:38',NULL,NULL,NULL,'خضر عبله',NULL,'خضر عبله'),(828,'2018-04-18 02:35:38',NULL,NULL,NULL,'احمد الهاني',NULL,'احمد الهاني'),(829,'2018-04-18 02:35:38',NULL,NULL,NULL,'مصطفى الهاني',NULL,'مصطفى الهاني'),(830,'2018-04-18 02:35:38',NULL,NULL,NULL,'محمد عبدو عمار',NULL,'محمد عبدو عمار'),(831,'2018-04-18 02:35:38',NULL,NULL,NULL,'جهاد عمار',NULL,'جهاد عمار'),(832,'2018-04-18 02:35:38',NULL,NULL,NULL,'عصام يحيى 1',NULL,'عصام يحيى 1'),(833,'2018-04-18 02:35:38',NULL,NULL,NULL,'عصام يحيى 2',NULL,'عصام يحيى 2'),(834,'2018-04-18 02:35:38',NULL,NULL,NULL,'حمزة عيسى ',NULL,'حمزة عيسى '),(835,'2018-04-18 02:35:38',NULL,NULL,NULL,'جمال عيسى',NULL,'جمال عيسى'),(836,'2018-04-18 02:35:38',NULL,NULL,NULL,'حيان يحيى',NULL,'حيان يحيى'),(837,'2018-04-18 02:35:38',NULL,NULL,NULL,'علي منصور',NULL,'علي منصور'),(838,'2018-04-18 02:35:38',NULL,NULL,NULL,'ايمن عكيل يحيى',NULL,'ايمن عكيل يحيى'),(839,'2018-04-18 02:35:38',NULL,NULL,NULL,'عبد الودود عثمان',NULL,'عبد الودود عثمان'),(840,'2018-04-18 02:35:38',NULL,NULL,NULL,'استاذ علي يحيى',NULL,'استاذ علي يحيى'),(841,'2018-04-18 02:35:38',NULL,NULL,NULL,'عبد السلام يحيى ',NULL,'عبد السلام يحيى '),(842,'2018-04-18 02:35:38',NULL,NULL,NULL,'ابو بسام يحيى',NULL,'ابو بسام يحيى'),(843,'2018-04-18 02:35:38',NULL,NULL,NULL,'موسى علي عزو',NULL,'موسى علي عزو'),(844,'2018-04-18 02:35:38',NULL,NULL,NULL,'علي طه مجيد',NULL,'علي طه مجيد'),(845,'2018-04-18 02:35:38',NULL,NULL,NULL,'صفوان عيسى',NULL,'صفوان عيسى'),(846,'2018-04-18 02:35:38',NULL,NULL,NULL,'احمد حمد يحيى',NULL,'احمد حمد يحيى'),(847,'2018-04-18 02:35:38',NULL,NULL,NULL,'محمود عبله',NULL,'محمود عبله'),(848,'2018-04-18 02:35:38',NULL,NULL,NULL,'مازن يحيى',NULL,'مازن يحيى'),(849,'2018-04-18 02:35:38',NULL,NULL,NULL,'محمود عبد السلام يحيى',NULL,'محمود عبد السلام يحيى'),(850,'2018-04-18 02:35:38',NULL,NULL,NULL,'صلاح يحيى',NULL,'صلاح يحيى'),(851,'2018-04-18 02:35:38',NULL,NULL,NULL,'ابو يزيد يحيى',NULL,'ابو يزيد يحيى'),(852,'2018-04-18 02:35:38',NULL,NULL,NULL,'عبد المدلل',NULL,'عبد المدلل'),(853,'2018-04-18 02:35:38',NULL,NULL,NULL,'حسين يحيى',NULL,'حسين يحيى'),(854,'2018-04-18 02:35:38',NULL,NULL,NULL,'يحيى ابو الشلفه',NULL,'يحيى ابو الشلفه'),(855,'2018-04-18 02:35:38',NULL,NULL,NULL,'رياح يحيى ',NULL,'رياح يحيى '),(856,'2018-04-18 02:35:38',NULL,NULL,NULL,'يحيى يحيى',NULL,'يحيى يحيى'),(857,'2018-04-18 02:35:38',NULL,NULL,NULL,'مالك احمد يحيى ',NULL,'مالك احمد يحيى '),(858,'2018-04-18 02:35:38',NULL,NULL,NULL,'محمد يحيى',NULL,'محمد يحيى'),(859,'2018-04-18 02:35:38',NULL,NULL,NULL,'ايوب يحيى',NULL,'ايوب يحيى'),(860,'2018-04-18 02:35:38',NULL,NULL,NULL,'الشيخ عبود عمار ',NULL,'الشيخ عبود عمار '),(861,'2018-04-18 02:35:38',NULL,NULL,NULL,'عماد علي حمادة يحيى',NULL,'عماد علي حمادة يحيى'),(862,'2018-04-18 02:35:38',NULL,NULL,NULL,'رضوان يحيى ',NULL,'رضوان يحيى '),(863,'2018-04-18 02:35:38',NULL,NULL,NULL,'زكريا يحيى',NULL,'زكريا يحيى'),(864,'2018-04-18 02:35:38',NULL,NULL,NULL,'سامر يحيى',NULL,'سامر يحيى'),(865,'2018-04-18 02:35:38',NULL,NULL,NULL,'محمود حمد ابو يحيى',NULL,'محمود حمد ابو يحيى'),(866,'2018-04-18 02:35:38',NULL,NULL,NULL,'اسيا',NULL,'اسيا'),(867,'2018-04-18 02:35:38',NULL,NULL,NULL,'سعد يحيى ',NULL,'سعد يحيى '),(868,'2018-04-18 02:35:38',NULL,NULL,NULL,'حمودة جكوم',NULL,'حمودة جكوم'),(869,'2018-04-18 02:35:38',NULL,NULL,NULL,'الاستاذ محمد عبيد ',NULL,'الاستاذ محمد عبيد '),(870,'2018-04-18 02:35:38',NULL,NULL,NULL,'علي محمود عبيد ',NULL,'علي محمود عبيد '),(871,'2018-04-18 02:35:38',NULL,NULL,NULL,'محمد مصطفى عبيد ',NULL,'محمد مصطفى عبيد '),(872,'2018-04-18 02:35:38',NULL,NULL,NULL,'محمود درية ',NULL,'محمود درية '),(873,'2018-04-18 02:35:38',NULL,NULL,NULL,'علي محسن عبيد ',NULL,'علي محسن عبيد '),(874,'2018-04-18 02:35:38',NULL,NULL,NULL,'احمد درية ',NULL,'احمد درية '),(875,'2018-04-18 02:35:38',NULL,NULL,NULL,'بلال درية ',NULL,'بلال درية '),(876,'2018-04-18 02:35:38',NULL,NULL,NULL,'خضر احمد عبيد ',NULL,'خضر احمد عبيد '),(877,'2018-04-18 02:35:38',NULL,NULL,NULL,'صالح احمد عبيد ',NULL,'صالح احمد عبيد '),(878,'2018-04-18 02:35:38',NULL,NULL,NULL,'خضر علي عبيد ',NULL,'خضر علي عبيد '),(879,'2018-04-18 02:35:38',NULL,NULL,NULL,'ابراهيم عبيد ',NULL,'ابراهيم عبيد '),(880,'2018-04-18 02:35:38',NULL,NULL,NULL,'الجنرال عبيد ',NULL,'الجنرال عبيد '),(881,'2018-04-18 02:35:38',NULL,NULL,NULL,'علي الجنرال ',NULL,'علي الجنرال '),(882,'2018-04-18 02:35:38',NULL,NULL,NULL,'السوري عند شيخ نهاد',NULL,'السوري عند شيخ نهاد'),(883,'2018-04-18 02:35:38',NULL,NULL,NULL,'حاتم عبيد ',NULL,'حاتم عبيد '),(884,'2018-04-18 02:35:38',NULL,NULL,NULL,'محمدصديقة ',NULL,'محمدصديقة '),(885,'2018-04-18 02:35:38',NULL,NULL,NULL,'صديقة ',NULL,'صديقة '),(886,'2018-04-18 02:35:38',NULL,NULL,NULL,'ابو زهار عبيد ',NULL,'ابو زهار عبيد '),(887,'2018-04-18 02:35:38',NULL,NULL,NULL,'وليد مصطفى عبيد ',NULL,'وليد مصطفى عبيد '),(888,'2018-04-18 02:35:38',NULL,NULL,NULL,'طارق عبيد ',NULL,'طارق عبيد '),(889,'2018-04-18 02:35:38',NULL,NULL,NULL,'احمد رشيد عبيد ',NULL,'احمد رشيد عبيد '),(890,'2018-04-18 02:35:38',NULL,NULL,NULL,'عمر عبيد 2',NULL,'عمر عبيد 2'),(891,'2018-04-18 02:35:38',NULL,NULL,NULL,'رباح عبيد ',NULL,'رباح عبيد '),(892,'2018-04-18 02:35:38',NULL,NULL,NULL,'احمد وجيه عبيد ',NULL,'احمد وجيه عبيد '),(893,'2018-04-18 02:35:38',NULL,NULL,NULL,'د.علي عبيد ',NULL,'د.علي عبيد '),(894,'2018-04-18 02:35:38',NULL,NULL,NULL,'الاستاذعمر عبيد ',NULL,'الاستاذعمر عبيد '),(895,'2018-04-18 02:35:38',NULL,NULL,NULL,'عاطف عبيد ',NULL,'عاطف عبيد '),(896,'2018-04-18 02:35:38',NULL,NULL,NULL,'حسن السوري ',NULL,'حسن السوري '),(897,'2018-04-18 02:35:38',NULL,NULL,NULL,'حاتم عبيد عضو ',NULL,'حاتم عبيد عضو '),(898,'2018-04-18 02:35:38',NULL,NULL,NULL,'اسامة عبيد ',NULL,'اسامة عبيد '),(899,'2018-04-18 02:35:38',NULL,NULL,NULL,'يحيى عبيد كويتي ',NULL,'يحيى عبيد كويتي '),(900,'2018-04-18 02:35:38',NULL,NULL,NULL,'خضر عبيد ',NULL,'خضر عبيد '),(901,'2018-04-18 02:35:38',NULL,NULL,NULL,'حليمة عبيد كويت ',NULL,'حليمة عبيد كويت '),(902,'2018-04-18 02:35:38',NULL,NULL,NULL,'زكريا عبيد ',NULL,'زكريا عبيد '),(903,'2018-04-18 02:35:38',NULL,NULL,NULL,'ابراهيم عبيد2 ',NULL,'ابراهيم عبيد2 '),(904,'2018-04-18 02:35:38',NULL,NULL,NULL,'احمد عبيد ',NULL,'احمد عبيد '),(905,'2018-04-18 02:35:38',NULL,NULL,NULL,'رهيف عبيد ',NULL,'رهيف عبيد '),(906,'2018-04-18 02:35:38',NULL,NULL,NULL,'سوري عند رهيف ',NULL,'سوري عند رهيف '),(907,'2018-04-18 02:35:38',NULL,NULL,NULL,'الرئيس محمد عبيد ',NULL,'الرئيس محمد عبيد '),(908,'2018-04-18 02:35:38',NULL,NULL,NULL,'سكينة عثمان ',NULL,'سكينة عثمان '),(909,'2018-04-18 02:35:38',NULL,NULL,NULL,'احمد حسن رشيد ',NULL,'احمد حسن رشيد '),(910,'2018-04-18 02:35:38',NULL,NULL,NULL,'سوري عند احمد رشيد ',NULL,'سوري عند احمد رشيد '),(911,'2018-04-18 02:35:38',NULL,NULL,NULL,'رشيد عبيد ',NULL,'رشيد عبيد '),(912,'2018-04-18 02:35:38',NULL,NULL,NULL,'فرن عين التينة ',NULL,'فرن عين التينة '),(913,'2018-04-18 02:35:38',NULL,NULL,NULL,'سهيل عبيد ',NULL,'سهيل عبيد '),(914,'2018-04-18 02:35:38',NULL,NULL,NULL,'عبد الحليم عبيد ',NULL,'عبد الحليم عبيد '),(915,'2018-04-18 02:35:38',NULL,NULL,NULL,'رئيس محمد عبيد(محل)',NULL,'رئيس محمد عبيد(محل)'),(916,'2018-04-18 02:35:38',NULL,NULL,NULL,'عمران عبيد ',NULL,'عمران عبيد '),(917,'2018-04-18 02:35:38',NULL,NULL,NULL,'زياد عبيد (محل)',NULL,'زياد عبيد (محل)'),(918,'2018-04-18 02:35:38',NULL,NULL,NULL,'الاستاذجمال عبيد ',NULL,'الاستاذجمال عبيد '),(919,'2018-04-18 02:35:38',NULL,NULL,NULL,'محمود خليل عبيد ',NULL,'محمود خليل عبيد '),(920,'2018-04-18 02:35:38',NULL,NULL,NULL,'حاتم عبيد (بيت)',NULL,'حاتم عبيد (بيت)'),(921,'2018-04-18 02:35:38',NULL,NULL,NULL,'ام حاتم عبيد ',NULL,'ام حاتم عبيد '),(922,'2018-04-18 02:35:38',NULL,NULL,NULL,'عبد السلام عبيد ',NULL,'عبد السلام عبيد '),(923,'2018-04-18 02:35:38',NULL,NULL,NULL,'علي عبد القادر عبيد ',NULL,'علي عبد القادر عبيد '),(924,'2018-04-18 02:35:38',NULL,NULL,NULL,'وداد عبيد ',NULL,'وداد عبيد '),(925,'2018-04-18 02:35:38',NULL,NULL,NULL,'محمود محمد رشيد عبيد ',NULL,'محمود محمد رشيد عبيد '),(926,'2018-04-18 02:35:38',NULL,NULL,NULL,'علي محمد رشيد عبيد ',NULL,'علي محمد رشيد عبيد '),(927,'2018-04-18 02:35:38',NULL,NULL,NULL,'احمد عبيد2',NULL,'احمد عبيد2'),(928,'2018-04-18 02:35:38',NULL,NULL,NULL,'عبد الملك عبيد ',NULL,'عبد الملك عبيد '),(929,'2018-04-18 02:35:38',NULL,NULL,NULL,'وليد محمود عبيد ',NULL,'وليد محمود عبيد '),(930,'2018-04-18 02:35:38',NULL,NULL,NULL,'رضوان عبيد ',NULL,'رضوان عبيد '),(931,'2018-04-18 02:35:38',NULL,NULL,NULL,'مصطفى محمد عبيد ',NULL,'مصطفى محمد عبيد '),(932,'2018-04-18 02:35:38',NULL,NULL,NULL,'علي محمود اسماعيل عبيد ',NULL,'علي محمود اسماعيل عبيد '),(933,'2018-04-18 02:35:38',NULL,NULL,NULL,'سامر عبيد ',NULL,'سامر عبيد '),(934,'2018-04-18 02:35:38',NULL,NULL,NULL,'ناصر عبيد ',NULL,'ناصر عبيد '),(935,'2018-04-18 02:35:38',NULL,NULL,NULL,'جمال عبيد ',NULL,'جمال عبيد '),(936,'2018-04-18 02:35:38',NULL,NULL,NULL,'عمر عبيد ',NULL,'عمر عبيد '),(937,'2018-04-18 02:35:38',NULL,NULL,NULL,'احمد حمد عبيد ',NULL,'احمد حمد عبيد '),(938,'2018-04-18 02:35:38',NULL,NULL,NULL,'ربيع عبيد ',NULL,'ربيع عبيد '),(939,'2018-04-18 02:35:38',NULL,NULL,NULL,'هيثم عبيد ',NULL,'هيثم عبيد '),(940,'2018-04-18 02:35:38',NULL,NULL,NULL,'مدرسة عين التينة ',NULL,'مدرسة عين التينة '),(941,'2018-04-18 02:35:38',NULL,NULL,NULL,'محمد علي عبيد ',NULL,'محمد علي عبيد '),(942,'2018-04-18 02:35:38',NULL,NULL,NULL,'سالم علي عبيد ',NULL,'سالم علي عبيد '),(943,'2018-04-18 02:35:38',NULL,NULL,NULL,'ايمن علي عبيد',NULL,'ايمن علي عبيد'),(944,'2018-04-18 02:35:38',NULL,NULL,NULL,'علي الشيخ عبيد ',NULL,'علي الشيخ عبيد '),(945,'2018-04-18 02:35:38',NULL,NULL,NULL,'عبد الشكور عبيد ',NULL,'عبد الشكور عبيد '),(946,'2018-04-18 02:35:38',NULL,NULL,NULL,'احمد الشيخ عبيد ',NULL,'احمد الشيخ عبيد '),(947,'2018-04-18 02:35:38',NULL,NULL,NULL,'احمد حسن علي ',NULL,'احمد حسن علي '),(948,'2018-04-18 02:35:38',NULL,NULL,NULL,'محمود احمد عبيد ',NULL,'محمود احمد عبيد '),(949,'2018-04-18 02:35:38',NULL,NULL,NULL,'عارف عبيد (قهوة)',NULL,'عارف عبيد (قهوة)'),(950,'2018-04-18 02:35:38',NULL,NULL,NULL,'المدير احمد الحاج عبيد ',NULL,'المدير احمد الحاج عبيد '),(951,'2018-04-18 02:35:38',NULL,NULL,NULL,'نادر عبيد ',NULL,'نادر عبيد '),(952,'2018-04-18 02:35:38',NULL,NULL,NULL,'مصطفى عبيد',NULL,'مصطفى عبيد'),(953,'2018-04-18 02:35:38',NULL,NULL,NULL,'باسم عبيد ',NULL,'باسم عبيد '),(954,'2018-04-18 02:35:38',NULL,NULL,NULL,'وسام عبيد ',NULL,'وسام عبيد '),(955,'2018-04-18 02:35:38',NULL,NULL,NULL,'عبد الستار عمار ',NULL,'عبد الستار عمار '),(956,'2018-04-18 02:35:38',NULL,NULL,NULL,'سليم عبيد ',NULL,'سليم عبيد '),(957,'2018-04-18 02:35:38',NULL,NULL,NULL,'نافذ عبيد ',NULL,'نافذ عبيد '),(958,'2018-04-18 02:35:38',NULL,NULL,NULL,'زياد عبيد',NULL,'زياد عبيد'),(959,'2018-04-18 02:35:38',NULL,NULL,NULL,'فادي عبيد ',NULL,'فادي عبيد '),(960,'2018-04-18 02:35:38',NULL,NULL,NULL,'غسان عبيد ',NULL,'غسان عبيد '),(961,'2018-04-18 02:35:38',NULL,NULL,NULL,'منير عبيد ',NULL,'منير عبيد '),(962,'2018-04-18 02:35:38',NULL,NULL,NULL,'حسين علي عبيد ',NULL,'حسين علي عبيد '),(963,'2018-04-18 02:35:38',NULL,NULL,NULL,'نصر علي احمد عبيد ',NULL,'نصر علي احمد عبيد '),(964,'2018-04-18 02:35:38',NULL,NULL,NULL,'الاستاذ خضر علي احمد عبيد',NULL,'الاستاذ خضر علي احمد عبيد'),(965,'2018-04-18 02:35:38',NULL,NULL,NULL,'علي رشيد عبيد ',NULL,'علي رشيد عبيد '),(966,'2018-04-18 02:35:38',NULL,NULL,NULL,'عمر رشيد عبيد ',NULL,'عمر رشيد عبيد '),(967,'2018-04-18 02:35:38',NULL,NULL,NULL,'حكمت عبيد ',NULL,'حكمت عبيد '),(968,'2018-04-18 02:35:38',NULL,NULL,NULL,'زهار عبيد ',NULL,'زهار عبيد '),(969,'2018-04-18 02:35:38',NULL,NULL,NULL,'حسان عبيد ',NULL,'حسان عبيد '),(970,'2018-04-18 02:35:38',NULL,NULL,NULL,'سميح نورالدين عبيد ',NULL,'سميح نورالدين عبيد '),(971,'2018-04-18 02:35:38',NULL,NULL,NULL,'احمد اسماعيل عبيد ',NULL,'احمد اسماعيل عبيد '),(972,'2018-04-18 02:35:38',NULL,NULL,NULL,'سميح عبيد ',NULL,'سميح عبيد '),(973,'2018-04-18 02:35:38',NULL,NULL,NULL,'الاستاذ علي احمد عبيد ',NULL,'الاستاذ علي احمد عبيد '),(974,'2018-04-18 02:35:38',NULL,NULL,NULL,'محمد اسماعيل عبيد ',NULL,'محمد اسماعيل عبيد '),(975,'2018-04-18 02:35:38',NULL,NULL,NULL,'احسان عبيد ',NULL,'احسان عبيد '),(976,'2018-04-18 02:35:38',NULL,NULL,NULL,'محمد عبد الرزاق عبيد ',NULL,'محمد عبد الرزاق عبيد '),(977,'2018-04-18 02:35:38',NULL,NULL,NULL,'نبيل عبيد ',NULL,'نبيل عبيد '),(978,'2018-04-18 02:35:38',NULL,NULL,NULL,'طعان عبيد ',NULL,'طعان عبيد '),(979,'2018-04-18 02:35:38',NULL,NULL,NULL,'سميرة عبيد ',NULL,'سميرة عبيد '),(980,'2018-04-18 02:35:38',NULL,NULL,NULL,'عبادة خالد عبيد ',NULL,'عبادة خالد عبيد '),(981,'2018-04-18 02:35:38',NULL,NULL,NULL,'عمر مصطفى عبيد ',NULL,'عمر مصطفى عبيد '),(982,'2018-04-18 02:35:38',NULL,NULL,NULL,'خضر حنوف عبيد ',NULL,'خضر حنوف عبيد '),(983,'2018-04-18 02:35:38',NULL,NULL,NULL,'رهيف احمد عبيد ',NULL,'رهيف احمد عبيد '),(984,'2018-04-18 02:35:38',NULL,NULL,NULL,'بسام عبيد ',NULL,'بسام عبيد '),(985,'2018-04-18 02:35:38',NULL,NULL,NULL,'احمد حسين عبيد ',NULL,'احمد حسين عبيد '),(986,'2018-04-18 02:35:38',NULL,NULL,NULL,'الشيخ رياض عبيد ',NULL,'الشيخ رياض عبيد '),(987,'2018-04-18 02:35:38',NULL,NULL,NULL,'الشاوي عدنان عبيد ',NULL,'الشاوي عدنان عبيد '),(988,'2018-04-18 02:35:38',NULL,NULL,NULL,'المدير جمال عبيد ',NULL,'المدير جمال عبيد '),(989,'2018-04-18 02:35:38',NULL,NULL,NULL,'ابو راشد عبيد ',NULL,'ابو راشد عبيد '),(990,'2018-04-18 02:35:38',NULL,NULL,NULL,'محمد احمد عبيد (ابو وائل)',NULL,'محمد احمد عبيد (ابو وائل)'),(991,'2018-04-18 02:35:38',NULL,NULL,NULL,'الاستاذ عدنان عبيد ',NULL,'الاستاذ عدنان عبيد '),(992,'2018-04-18 02:35:38',NULL,NULL,NULL,'ابو زهير عبيد ',NULL,'ابو زهير عبيد '),(993,'2018-04-18 02:35:38',NULL,NULL,NULL,'سامر خالد ',NULL,'سامر خالد '),(994,'2018-04-18 02:35:38',NULL,NULL,NULL,'جمال خالد ',NULL,'جمال خالد '),(995,'2018-04-18 02:35:38',NULL,NULL,NULL,'محمود خالد ',NULL,'محمود خالد '),(996,'2018-04-18 02:35:38',NULL,NULL,NULL,'احمد محمود خالد ',NULL,'احمد محمود خالد '),(997,'2018-04-18 02:35:38',NULL,NULL,NULL,'ابو سامر خالد',NULL,'ابو سامر خالد'),(998,'2018-04-18 02:35:38',NULL,NULL,NULL,'خالد احمد خالد',NULL,'خالد احمد خالد'),(999,'2018-04-18 02:35:38',NULL,NULL,NULL,'صلاح عبيد ',NULL,'صلاح عبيد '),(1000,'2018-04-18 02:35:38',NULL,NULL,NULL,'راشد عبيد ',NULL,'راشد عبيد '),(1001,'2018-04-18 02:35:38',NULL,NULL,NULL,'مرشد عبيد ',NULL,'مرشد عبيد '),(1002,'2018-04-18 02:35:38',NULL,NULL,NULL,'محمود الدركي ',NULL,'محمود الدركي '),(1003,'2018-04-18 02:35:38',NULL,NULL,NULL,'محمود مصطفى عبيد ',NULL,'محمود مصطفى عبيد '),(1004,'2018-04-18 02:35:38',NULL,NULL,NULL,'احمد محمود عبيد ',NULL,'احمد محمود عبيد '),(1005,'2018-04-18 02:35:38',NULL,NULL,NULL,'محمود محمد عبيد ',NULL,'محمود محمد عبيد '),(1006,'2018-04-18 02:35:38',NULL,NULL,NULL,'نادية عبيد ',NULL,'نادية عبيد '),(1007,'2018-04-18 02:35:38',NULL,NULL,NULL,'مالك محمود عبيد ',NULL,'مالك محمود عبيد '),(1008,'2018-04-18 02:35:38',NULL,NULL,NULL,'خالد عبيد ',NULL,'خالد عبيد '),(1009,'2018-04-18 02:35:38',NULL,NULL,NULL,'ابو فادي عبيد ',NULL,'ابو فادي عبيد '),(1010,'2018-04-18 02:35:38',NULL,NULL,NULL,'عماد قاسم عبيد ',NULL,'عماد قاسم عبيد '),(1011,'2018-04-18 02:35:38',NULL,NULL,NULL,'مختار عبد الرحمن عبيد ',NULL,'مختار عبد الرحمن عبيد '),(1012,'2018-04-18 02:35:38',NULL,NULL,NULL,'محمد امينة ',NULL,'محمد امينة '),(1013,'2018-04-18 02:35:38',NULL,NULL,NULL,'احمد محمود عبيد 1جنب الموتير',NULL,'احمد محمود عبيد 1جنب الموتير'),(1014,'2018-04-18 02:35:38',NULL,NULL,NULL,'ابو نزار عبيد ',NULL,'ابو نزار عبيد '),(1015,'2018-04-18 02:35:38',NULL,NULL,NULL,'محمود خضر عبيد ',NULL,'محمود خضر عبيد '),(1016,'2018-04-18 02:35:38',NULL,NULL,NULL,'منذر عبيد',NULL,'منذر عبيد'),(1017,'2018-04-18 02:35:38',NULL,NULL,NULL,'يوسف عبد الرحمن مريم ',NULL,'يوسف عبد الرحمن مريم '),(1018,'2018-04-18 02:35:38',NULL,NULL,NULL,'ابو وليد عمر',NULL,'ابو وليد عمر'),(1019,'2018-04-18 02:35:38',NULL,NULL,NULL,'مصطفى عمر (دركي)',NULL,'مصطفى عمر (دركي)'),(1020,'2018-04-18 02:35:38',NULL,NULL,NULL,'عبد السلام يوسف عمر',NULL,'عبد السلام يوسف عمر'),(1021,'2018-04-18 02:35:38',NULL,NULL,NULL,'احمد يوسف عمر',NULL,'احمد يوسف عمر'),(1022,'2018-04-18 02:35:38',NULL,NULL,NULL,'علي عثمان عمر',NULL,'علي عثمان عمر'),(1023,'2018-04-18 02:35:38',NULL,NULL,NULL,'ربى عمر',NULL,'ربى عمر'),(1024,'2018-04-18 02:35:38',NULL,NULL,NULL,'علا عمر',NULL,'علا عمر'),(1025,'2018-04-18 02:35:38',NULL,NULL,NULL,'عبد الرحمن اسعد',NULL,'عبد الرحمن اسعد'),(1026,'2018-04-18 02:35:38',NULL,NULL,NULL,'مصطفى اسعد',NULL,'مصطفى اسعد'),(1027,'2018-04-18 02:35:38',NULL,NULL,NULL,'محمد احمد اسعد',NULL,'محمد احمد اسعد'),(1028,'2018-04-18 02:35:38',NULL,NULL,NULL,'خالد الحج',NULL,'خالد الحج'),(1029,'2018-04-18 02:35:38',NULL,NULL,NULL,'عامر خالد عمر',NULL,'عامر خالد عمر'),(1030,'2018-04-18 02:35:38',NULL,NULL,NULL,'احمد خالد عمر',NULL,'احمد خالد عمر'),(1031,'2018-04-18 02:35:38',NULL,NULL,NULL,'محمد خالد عمر',NULL,'محمد خالد عمر'),(1032,'2018-04-18 02:35:38',NULL,NULL,NULL,'عارف حمدان',NULL,'عارف حمدان'),(1033,'2018-04-18 02:35:38',NULL,NULL,NULL,'علي حمدان',NULL,'علي حمدان'),(1034,'2018-04-18 02:35:38',NULL,NULL,NULL,'المختار مصطفى حمدان',NULL,'المختار مصطفى حمدان'),(1035,'2018-04-18 02:35:38',NULL,NULL,NULL,'عمر ابو شاكر',NULL,'عمر ابو شاكر'),(1036,'2018-04-18 02:35:38',NULL,NULL,NULL,'علي عبد اللطيف شاكر',NULL,'علي عبد اللطيف شاكر'),(1037,'2018-04-18 02:35:38',NULL,NULL,NULL,'حامد حمدان',NULL,'حامد حمدان'),(1038,'2018-04-18 02:35:38',NULL,NULL,NULL,'الحج نعيم حمدان',NULL,'الحج نعيم حمدان'),(1039,'2018-04-18 02:35:38',NULL,NULL,NULL,'عبد السلام عمر',NULL,'عبد السلام عمر'),(1040,'2018-04-18 02:35:38',NULL,NULL,NULL,'محمد قاسم عمر',NULL,'محمد قاسم عمر'),(1041,'2018-04-18 02:35:38',NULL,NULL,NULL,'الاستاذ عدنان عمر',NULL,'الاستاذ عدنان عمر'),(1042,'2018-04-18 02:35:38',NULL,NULL,NULL,'الاستاذ احمد عمر',NULL,'الاستاذ احمد عمر'),(1043,'2018-04-18 02:35:38',NULL,NULL,NULL,'خضر رشيد حسن شفشق',NULL,'خضر رشيد حسن شفشق'),(1044,'2018-04-18 02:35:38',NULL,NULL,NULL,'سامر ابو زيد(منزل)',NULL,'سامر ابو زيد(منزل)'),(1045,'2018-04-18 02:35:38',NULL,NULL,NULL,'استاذ مصطفى الديراني',NULL,'استاذ مصطفى الديراني'),(1046,'2018-04-18 02:35:38',NULL,NULL,NULL,'زياد الديراني',NULL,'زياد الديراني'),(1047,'2018-04-18 02:35:38',NULL,NULL,NULL,'رامي ابو زيد',NULL,'رامي ابو زيد'),(1048,'2018-04-18 02:35:38',NULL,NULL,NULL,'رضوان ابو زيد',NULL,'رضوان ابو زيد'),(1049,'2018-04-18 02:35:38',NULL,NULL,NULL,'يحيى الديراني',NULL,'يحيى الديراني'),(1050,'2018-04-18 02:35:38',NULL,NULL,NULL,'لقمان الشفشق',NULL,'لقمان الشفشق'),(1051,'2018-04-18 02:35:38',NULL,NULL,NULL,'عمران الشفشق',NULL,'عمران الشفشق'),(1052,'2018-04-18 02:35:38',NULL,NULL,NULL,'رشيد الشفشق',NULL,'رشيد الشفشق'),(1053,'2018-04-18 02:35:38',NULL,NULL,NULL,'مصطفى الشفشق',NULL,'مصطفى الشفشق'),(1054,'2018-04-18 02:35:38',NULL,NULL,NULL,'ام طارق الشفشق',NULL,'ام طارق الشفشق'),(1055,'2018-04-18 02:35:38',NULL,NULL,NULL,'رولا الشفشق',NULL,'رولا الشفشق'),(1056,'2018-04-18 02:35:38',NULL,NULL,NULL,'هنادي الشفشق',NULL,'هنادي الشفشق'),(1057,'2018-04-18 02:35:38',NULL,NULL,NULL,'غسان الشفشق',NULL,'غسان الشفشق'),(1058,'2018-04-18 02:35:38',NULL,NULL,NULL,'حاتم الشفشق',NULL,'حاتم الشفشق'),(1059,'2018-04-18 02:35:38',NULL,NULL,NULL,'عدنان الشفشق',NULL,'عدنان الشفشق'),(1060,'2018-04-18 02:35:38',NULL,NULL,NULL,'محمد سليمان',NULL,'محمد سليمان'),(1061,'2018-04-18 02:35:38',NULL,NULL,NULL,'خالد سليمان',NULL,'خالد سليمان'),(1062,'2018-04-18 02:35:38',NULL,NULL,NULL,'محمود الشفشق',NULL,'محمود الشفشق'),(1063,'2018-04-18 02:35:38',NULL,NULL,NULL,'زكور 2',NULL,'زكور 2'),(1064,'2018-04-18 02:35:38',NULL,NULL,NULL,'زكور الشفشق',NULL,'زكور الشفشق'),(1065,'2018-04-18 02:35:38',NULL,NULL,NULL,'محمد الشفشق',NULL,'محمد الشفشق'),(1066,'2018-04-18 02:35:38',NULL,NULL,NULL,'علاء الشفشق',NULL,'علاء الشفشق'),(1067,'2018-04-18 02:35:38',NULL,NULL,NULL,'محطة طارق',NULL,'محطة طارق'),(1068,'2018-04-18 02:35:38',NULL,NULL,NULL,'سامر ابو زيد(قهوة)',NULL,'سامر ابو زيد(قهوة)'),(1069,'2018-04-18 02:35:38',NULL,NULL,NULL,'مصطفى ابو زيد ',NULL,'مصطفى ابو زيد '),(1070,'2018-04-18 02:35:38',NULL,NULL,NULL,'وليد ابو زيد',NULL,'وليد ابو زيد'),(1071,'2018-04-18 02:35:38',NULL,NULL,NULL,'حسن عواضه',NULL,'حسن عواضه'),(1072,'2018-04-18 02:35:38',NULL,NULL,NULL,'سعيد السيد',NULL,'سعيد السيد'),(1073,'2018-04-18 02:35:38',NULL,NULL,NULL,'محمود السيد',NULL,'محمود السيد'),(1074,'2018-04-18 02:35:38',NULL,NULL,NULL,'جهاد السيد',NULL,'جهاد السيد'),(1075,'2018-04-18 02:35:38',NULL,NULL,NULL,'محمد السيد',NULL,'محمد السيد'),(1076,'2018-04-18 02:35:38',NULL,NULL,NULL,'سرحان الضاضون',NULL,'سرحان الضاضون'),(1077,'2018-04-18 02:35:38',NULL,NULL,NULL,'اسامة عمار',NULL,'اسامة عمار'),(1078,'2018-04-18 02:35:38',NULL,NULL,NULL,'نزيه الضاضون',NULL,'نزيه الضاضون'),(1079,'2018-04-18 02:35:38',NULL,NULL,NULL,'فؤاد الضاضون',NULL,'فؤاد الضاضون'),(1080,'2018-04-18 02:35:38',NULL,NULL,NULL,'مختار عبد الرحمن عبيد (قهوة)',NULL,'مختار عبد الرحمن عبيد (قهوة)'),(1081,'2018-04-18 02:35:38',NULL,NULL,NULL,'محمد علي عبيد',NULL,'محمد علي عبيد'),(1082,'2018-04-18 02:35:38',NULL,NULL,NULL,'ماهر عثمان ',NULL,'ماهر عثمان ');
/*!40000 ALTER TABLE `subscriber` ENABLE KEYS */;
UNLOCK TABLES;

--
-- Table structure for table `subscriber_information`
--

DROP TABLE IF EXISTS `subscriber_information`;
/*!40101 SET @saved_cs_client     = @@character_set_client */;
/*!40101 SET character_set_client = utf8 */;
CREATE TABLE `subscriber_information` (
  `id` bigint(20) NOT NULL,
  `id_village` bigint(20) DEFAULT NULL,
  `address` varchar(255) DEFAULT NULL,
  `region` varchar(255) DEFAULT NULL,
  `alternative_phone` varchar(255) DEFAULT NULL,
  `email` varchar(255) DEFAULT NULL,
  `land_line` varchar(255) DEFAULT NULL,
  `main_phone` varchar(255) DEFAULT NULL,
  PRIMARY KEY (`id`)
) ENGINE=MyISAM DEFAULT CHARSET=utf8;
/*!40101 SET character_set_client = @saved_cs_client */;

--
-- Dumping data for table `subscriber_information`
--

LOCK TABLES `subscriber_information` WRITE;
/*!40000 ALTER TABLE `subscriber_information` DISABLE KEYS */;
INSERT INTO `subscriber_information` VALUES (1,1,NULL,NULL,NULL,NULL,NULL,NULL),(2,1,NULL,NULL,NULL,NULL,NULL,NULL),(3,1,NULL,NULL,NULL,NULL,NULL,NULL),(4,1,NULL,NULL,NULL,NULL,NULL,NULL),(5,1,NULL,NULL,NULL,NULL,NULL,NULL),(6,1,NULL,NULL,NULL,NULL,NULL,NULL),(7,1,NULL,NULL,NULL,NULL,NULL,NULL),(8,1,NULL,NULL,NULL,NULL,NULL,NULL),(9,1,NULL,NULL,NULL,NULL,NULL,NULL),(10,1,NULL,NULL,NULL,NULL,NULL,NULL),(11,1,NULL,NULL,NULL,NULL,NULL,NULL),(12,1,NULL,NULL,NULL,NULL,NULL,NULL),(13,1,NULL,NULL,NULL,NULL,NULL,NULL),(14,1,NULL,NULL,NULL,NULL,NULL,NULL),(15,1,NULL,NULL,NULL,NULL,NULL,NULL),(16,1,NULL,NULL,NULL,NULL,NULL,NULL),(17,1,NULL,NULL,NULL,NULL,NULL,NULL),(18,1,NULL,NULL,NULL,NULL,NULL,NULL),(19,1,NULL,NULL,NULL,NULL,NULL,NULL),(20,1,NULL,NULL,NULL,NULL,NULL,NULL),(21,1,NULL,NULL,NULL,NULL,NULL,NULL),(22,1,NULL,NULL,NULL,NULL,NULL,NULL),(23,1,NULL,NULL,NULL,NULL,NULL,NULL),(24,1,NULL,NULL,NULL,NULL,NULL,NULL),(25,1,NULL,NULL,NULL,NULL,NULL,NULL),(26,1,NULL,NULL,NULL,NULL,NULL,NULL),(27,1,NULL,NULL,NULL,NULL,NULL,NULL),(28,1,NULL,NULL,NULL,NULL,NULL,NULL),(29,1,NULL,NULL,NULL,NULL,NULL,NULL),(30,1,NULL,NULL,NULL,NULL,NULL,NULL),(31,1,NULL,NULL,NULL,NULL,NULL,NULL),(32,1,NULL,NULL,NULL,NULL,NULL,NULL),(33,1,NULL,NULL,NULL,NULL,NULL,NULL),(34,1,NULL,NULL,NULL,NULL,NULL,NULL),(35,1,NULL,NULL,NULL,NULL,NULL,NULL),(36,1,NULL,NULL,NULL,NULL,NULL,NULL),(37,1,NULL,NULL,NULL,NULL,NULL,NULL),(38,1,NULL,NULL,NULL,NULL,NULL,NULL),(39,1,NULL,NULL,NULL,NULL,NULL,NULL),(40,1,NULL,NULL,NULL,NULL,NULL,NULL),(41,1,NULL,NULL,NULL,NULL,NULL,NULL),(42,1,NULL,NULL,NULL,NULL,NULL,NULL),(43,1,NULL,NULL,NULL,NULL,NULL,NULL),(44,1,NULL,NULL,NULL,NULL,NULL,NULL),(45,1,NULL,NULL,NULL,NULL,NULL,NULL),(46,1,NULL,NULL,NULL,NULL,NULL,NULL),(47,1,NULL,NULL,NULL,NULL,NULL,NULL),(48,1,NULL,NULL,NULL,NULL,NULL,NULL),(49,1,NULL,NULL,NULL,NULL,NULL,NULL),(50,1,NULL,NULL,NULL,NULL,NULL,NULL),(51,1,NULL,NULL,NULL,NULL,NULL,NULL),(52,1,NULL,NULL,NULL,NULL,NULL,NULL),(53,1,NULL,NULL,NULL,NULL,NULL,NULL),(54,1,NULL,NULL,NULL,NULL,NULL,NULL),(55,1,NULL,NULL,NULL,NULL,NULL,NULL),(56,1,NULL,NULL,NULL,NULL,NULL,NULL),(57,1,NULL,NULL,NULL,NULL,NULL,NULL),(58,1,NULL,NULL,NULL,NULL,NULL,NULL),(59,1,NULL,NULL,NULL,NULL,NULL,NULL),(60,1,NULL,NULL,NULL,NULL,NULL,NULL),(61,1,NULL,NULL,NULL,NULL,NULL,NULL),(62,1,NULL,NULL,NULL,NULL,NULL,NULL),(63,1,NULL,NULL,NULL,NULL,NULL,NULL),(64,1,NULL,NULL,NULL,NULL,NULL,NULL),(65,1,NULL,NULL,NULL,NULL,NULL,NULL),(66,1,NULL,NULL,NULL,NULL,NULL,NULL),(67,1,NULL,NULL,NULL,NULL,NULL,NULL),(68,1,NULL,NULL,NULL,NULL,NULL,NULL),(69,1,NULL,NULL,NULL,NULL,NULL,NULL),(70,1,NULL,NULL,NULL,NULL,NULL,NULL),(71,1,NULL,NULL,NULL,NULL,NULL,NULL),(72,1,NULL,NULL,NULL,NULL,NULL,NULL),(73,1,NULL,NULL,NULL,NULL,NULL,NULL),(74,1,NULL,NULL,NULL,NULL,NULL,NULL),(75,1,NULL,NULL,NULL,NULL,NULL,NULL),(76,1,NULL,NULL,NULL,NULL,NULL,NULL),(77,1,NULL,NULL,NULL,NULL,NULL,NULL),(78,1,NULL,NULL,NULL,NULL,NULL,NULL),(79,1,NULL,NULL,NULL,NULL,NULL,NULL),(80,1,NULL,NULL,NULL,NULL,NULL,NULL),(81,1,NULL,NULL,NULL,NULL,NULL,NULL),(82,1,NULL,NULL,NULL,NULL,NULL,NULL),(83,1,NULL,NULL,NULL,NULL,NULL,NULL),(84,1,NULL,NULL,NULL,NULL,NULL,NULL),(85,1,NULL,NULL,NULL,NULL,NULL,NULL),(86,1,NULL,NULL,NULL,NULL,NULL,NULL),(87,1,NULL,NULL,NULL,NULL,NULL,NULL),(88,1,NULL,NULL,NULL,NULL,NULL,NULL),(89,1,NULL,NULL,NULL,NULL,NULL,NULL),(90,1,NULL,NULL,NULL,NULL,NULL,NULL),(91,1,NULL,NULL,NULL,NULL,NULL,NULL),(92,1,NULL,NULL,NULL,NULL,NULL,NULL),(93,1,NULL,NULL,NULL,NULL,NULL,NULL),(94,1,NULL,NULL,NULL,NULL,NULL,NULL),(95,1,NULL,NULL,NULL,NULL,NULL,NULL),(96,1,NULL,NULL,NULL,NULL,NULL,NULL),(97,1,NULL,NULL,NULL,NULL,NULL,NULL),(98,1,NULL,NULL,NULL,NULL,NULL,NULL),(99,1,NULL,NULL,NULL,NULL,NULL,NULL),(100,1,NULL,NULL,NULL,NULL,NULL,NULL),(101,1,NULL,NULL,NULL,NULL,NULL,NULL),(102,1,NULL,NULL,NULL,NULL,NULL,NULL),(103,1,NULL,NULL,NULL,NULL,NULL,NULL),(104,1,NULL,NULL,NULL,NULL,NULL,NULL),(105,1,NULL,NULL,NULL,NULL,NULL,NULL),(106,1,NULL,NULL,NULL,NULL,NULL,NULL),(107,1,NULL,NULL,NULL,NULL,NULL,NULL),(108,1,NULL,NULL,NULL,NULL,NULL,NULL),(109,1,NULL,NULL,NULL,NULL,NULL,NULL),(110,1,NULL,NULL,NULL,NULL,NULL,NULL),(111,1,NULL,NULL,NULL,NULL,NULL,NULL),(112,1,NULL,NULL,NULL,NULL,NULL,NULL),(113,1,NULL,NULL,NULL,NULL,NULL,NULL),(114,1,NULL,NULL,NULL,NULL,NULL,NULL),(115,1,NULL,NULL,NULL,NULL,NULL,NULL),(116,1,NULL,NULL,NULL,NULL,NULL,NULL),(117,1,NULL,NULL,NULL,NULL,NULL,NULL),(118,1,NULL,NULL,NULL,NULL,NULL,NULL),(119,1,NULL,NULL,NULL,NULL,NULL,NULL),(120,1,NULL,NULL,NULL,NULL,NULL,NULL),(121,1,NULL,NULL,NULL,NULL,NULL,NULL),(122,1,NULL,NULL,NULL,NULL,NULL,NULL),(123,1,NULL,NULL,NULL,NULL,NULL,NULL),(124,1,NULL,NULL,NULL,NULL,NULL,NULL),(125,1,NULL,NULL,NULL,NULL,NULL,NULL),(126,1,NULL,NULL,NULL,NULL,NULL,NULL),(127,1,NULL,NULL,NULL,NULL,NULL,NULL),(128,1,NULL,NULL,NULL,NULL,NULL,NULL),(129,1,NULL,NULL,NULL,NULL,NULL,NULL),(130,1,NULL,NULL,NULL,NULL,NULL,NULL),(131,1,NULL,NULL,NULL,NULL,NULL,NULL),(132,1,NULL,NULL,NULL,NULL,NULL,NULL),(133,1,NULL,NULL,NULL,NULL,NULL,NULL),(134,1,NULL,NULL,NULL,NULL,NULL,NULL),(135,1,NULL,NULL,NULL,NULL,NULL,NULL),(136,1,NULL,NULL,NULL,NULL,NULL,NULL),(137,1,NULL,NULL,NULL,NULL,NULL,NULL),(138,1,NULL,NULL,NULL,NULL,NULL,NULL),(139,1,NULL,NULL,NULL,NULL,NULL,NULL),(140,1,NULL,NULL,NULL,NULL,NULL,NULL),(141,1,NULL,NULL,NULL,NULL,NULL,NULL),(142,1,NULL,NULL,NULL,NULL,NULL,NULL),(143,1,NULL,NULL,NULL,NULL,NULL,NULL),(144,1,NULL,NULL,NULL,NULL,NULL,NULL),(145,1,NULL,NULL,NULL,NULL,NULL,NULL),(146,1,NULL,NULL,NULL,NULL,NULL,NULL),(147,1,NULL,NULL,NULL,NULL,NULL,NULL),(148,1,NULL,NULL,NULL,NULL,NULL,NULL),(149,1,NULL,NULL,NULL,NULL,NULL,NULL),(150,1,NULL,NULL,NULL,NULL,NULL,NULL),(151,1,NULL,NULL,NULL,NULL,NULL,NULL),(152,1,NULL,NULL,NULL,NULL,NULL,NULL),(153,1,NULL,NULL,NULL,NULL,NULL,NULL),(154,1,NULL,NULL,NULL,NULL,NULL,NULL),(155,1,NULL,NULL,NULL,NULL,NULL,NULL),(156,1,NULL,NULL,NULL,NULL,NULL,NULL),(157,1,NULL,NULL,NULL,NULL,NULL,NULL),(158,1,NULL,NULL,NULL,NULL,NULL,NULL),(159,1,NULL,NULL,NULL,NULL,NULL,NULL),(160,1,NULL,NULL,NULL,NULL,NULL,NULL),(161,1,NULL,NULL,NULL,NULL,NULL,NULL),(162,1,NULL,NULL,NULL,NULL,NULL,NULL),(163,1,NULL,NULL,NULL,NULL,NULL,NULL),(164,1,NULL,NULL,NULL,NULL,NULL,NULL),(165,1,NULL,NULL,NULL,NULL,NULL,NULL),(166,1,NULL,NULL,NULL,NULL,NULL,NULL),(167,1,NULL,NULL,NULL,NULL,NULL,NULL),(168,1,NULL,NULL,NULL,NULL,NULL,NULL),(169,1,NULL,NULL,NULL,NULL,NULL,NULL),(170,1,NULL,NULL,NULL,NULL,NULL,NULL),(171,1,NULL,NULL,NULL,NULL,NULL,NULL),(172,1,NULL,NULL,NULL,NULL,NULL,NULL),(173,1,NULL,NULL,NULL,NULL,NULL,NULL),(174,1,NULL,NULL,NULL,NULL,NULL,NULL),(175,1,NULL,NULL,NULL,NULL,NULL,NULL),(176,1,NULL,NULL,NULL,NULL,NULL,NULL),(177,1,NULL,NULL,NULL,NULL,NULL,NULL),(178,1,NULL,NULL,NULL,NULL,NULL,NULL),(179,1,NULL,NULL,NULL,NULL,NULL,NULL),(180,1,NULL,NULL,NULL,NULL,NULL,NULL),(181,1,NULL,NULL,NULL,NULL,NULL,NULL),(182,1,NULL,NULL,NULL,NULL,NULL,NULL),(183,1,NULL,NULL,NULL,NULL,NULL,NULL),(184,1,NULL,NULL,NULL,NULL,NULL,NULL),(185,1,NULL,NULL,NULL,NULL,NULL,NULL),(186,1,NULL,NULL,NULL,NULL,NULL,NULL),(187,1,NULL,NULL,NULL,NULL,NULL,NULL),(188,1,NULL,NULL,NULL,NULL,NULL,NULL),(189,1,NULL,NULL,NULL,NULL,NULL,NULL),(190,1,NULL,NULL,NULL,NULL,NULL,NULL),(191,1,NULL,NULL,NULL,NULL,NULL,NULL),(192,1,NULL,NULL,NULL,NULL,NULL,NULL),(193,1,NULL,NULL,NULL,NULL,NULL,NULL),(194,1,NULL,NULL,NULL,NULL,NULL,NULL),(195,1,NULL,NULL,NULL,NULL,NULL,NULL),(196,1,NULL,NULL,NULL,NULL,NULL,NULL),(197,1,NULL,NULL,NULL,NULL,NULL,NULL),(198,1,NULL,NULL,NULL,NULL,NULL,NULL),(199,1,NULL,NULL,NULL,NULL,NULL,NULL),(200,1,NULL,NULL,NULL,NULL,NULL,NULL),(201,1,NULL,NULL,NULL,NULL,NULL,NULL),(202,1,NULL,NULL,NULL,NULL,NULL,NULL),(203,1,NULL,NULL,NULL,NULL,NULL,NULL),(204,1,NULL,NULL,NULL,NULL,NULL,NULL),(205,1,NULL,NULL,NULL,NULL,NULL,NULL),(206,1,NULL,NULL,NULL,NULL,NULL,NULL),(207,1,NULL,NULL,NULL,NULL,NULL,NULL),(208,1,NULL,NULL,NULL,NULL,NULL,NULL),(209,1,NULL,NULL,NULL,NULL,NULL,NULL),(210,1,NULL,NULL,NULL,NULL,NULL,NULL),(211,1,NULL,NULL,NULL,NULL,NULL,NULL),(212,1,NULL,NULL,NULL,NULL,NULL,NULL),(213,1,NULL,NULL,NULL,NULL,NULL,NULL),(214,1,NULL,NULL,NULL,NULL,NULL,NULL),(215,1,NULL,NULL,NULL,NULL,NULL,NULL),(216,1,NULL,NULL,NULL,NULL,NULL,NULL),(217,1,NULL,NULL,NULL,NULL,NULL,NULL),(218,1,NULL,NULL,NULL,NULL,NULL,NULL),(219,1,NULL,NULL,NULL,NULL,NULL,NULL),(220,1,NULL,NULL,NULL,NULL,NULL,NULL),(221,1,NULL,NULL,NULL,NULL,NULL,NULL),(222,1,NULL,NULL,NULL,NULL,NULL,NULL),(223,1,NULL,NULL,NULL,NULL,NULL,NULL),(224,1,NULL,NULL,NULL,NULL,NULL,NULL),(225,1,NULL,NULL,NULL,NULL,NULL,NULL),(226,1,NULL,NULL,NULL,NULL,NULL,NULL),(227,1,NULL,NULL,NULL,NULL,NULL,NULL),(228,1,NULL,NULL,NULL,NULL,NULL,NULL),(229,1,NULL,NULL,NULL,NULL,NULL,NULL),(230,1,NULL,NULL,NULL,NULL,NULL,NULL),(231,1,NULL,NULL,NULL,NULL,NULL,NULL),(232,1,NULL,NULL,NULL,NULL,NULL,NULL),(233,1,NULL,NULL,NULL,NULL,NULL,NULL),(234,1,NULL,NULL,NULL,NULL,NULL,NULL),(235,1,NULL,NULL,NULL,NULL,NULL,NULL),(236,1,NULL,NULL,NULL,NULL,NULL,NULL),(237,1,NULL,NULL,NULL,NULL,NULL,NULL),(238,1,NULL,NULL,NULL,NULL,NULL,NULL),(239,1,NULL,NULL,NULL,NULL,NULL,NULL),(240,1,NULL,NULL,NULL,NULL,NULL,NULL),(241,1,NULL,NULL,NULL,NULL,NULL,NULL),(242,1,NULL,NULL,NULL,NULL,NULL,NULL),(243,1,NULL,NULL,NULL,NULL,NULL,NULL),(244,1,NULL,NULL,NULL,NULL,NULL,NULL),(245,1,NULL,NULL,NULL,NULL,NULL,NULL),(246,1,NULL,NULL,NULL,NULL,NULL,NULL),(247,1,NULL,NULL,NULL,NULL,NULL,NULL),(248,1,NULL,NULL,NULL,NULL,NULL,NULL),(249,1,NULL,NULL,NULL,NULL,NULL,NULL),(250,1,NULL,NULL,NULL,NULL,NULL,NULL),(251,1,NULL,NULL,NULL,NULL,NULL,NULL),(252,1,NULL,NULL,NULL,NULL,NULL,NULL),(253,1,NULL,NULL,NULL,NULL,NULL,NULL),(254,1,NULL,NULL,NULL,NULL,NULL,NULL),(255,1,NULL,NULL,NULL,NULL,NULL,NULL),(256,1,NULL,NULL,NULL,NULL,NULL,NULL),(257,1,NULL,NULL,NULL,NULL,NULL,NULL),(258,1,NULL,NULL,NULL,NULL,NULL,NULL),(259,1,NULL,NULL,NULL,NULL,NULL,NULL),(260,1,NULL,NULL,NULL,NULL,NULL,NULL),(261,1,NULL,NULL,NULL,NULL,NULL,NULL),(262,1,NULL,NULL,NULL,NULL,NULL,NULL),(263,1,NULL,NULL,NULL,NULL,NULL,NULL),(264,1,NULL,NULL,NULL,NULL,NULL,NULL),(265,1,NULL,NULL,NULL,NULL,NULL,NULL),(266,1,NULL,NULL,NULL,NULL,NULL,NULL),(267,1,NULL,NULL,NULL,NULL,NULL,NULL),(268,1,NULL,NULL,NULL,NULL,NULL,NULL),(269,1,NULL,NULL,NULL,NULL,NULL,NULL),(270,1,NULL,NULL,NULL,NULL,NULL,NULL),(271,1,NULL,NULL,NULL,NULL,NULL,NULL),(272,1,NULL,NULL,NULL,NULL,NULL,NULL),(273,1,NULL,NULL,NULL,NULL,NULL,NULL),(274,1,NULL,NULL,NULL,NULL,NULL,NULL),(275,1,NULL,NULL,NULL,NULL,NULL,NULL),(276,1,NULL,NULL,NULL,NULL,NULL,NULL),(277,1,NULL,NULL,NULL,NULL,NULL,NULL),(278,1,NULL,NULL,NULL,NULL,NULL,NULL),(279,1,NULL,NULL,NULL,NULL,NULL,NULL),(280,1,NULL,NULL,NULL,NULL,NULL,NULL),(281,1,NULL,NULL,NULL,NULL,NULL,NULL),(282,1,NULL,NULL,NULL,NULL,NULL,NULL),(283,1,NULL,NULL,NULL,NULL,NULL,NULL),(284,1,NULL,NULL,NULL,NULL,NULL,NULL),(285,1,NULL,NULL,NULL,NULL,NULL,NULL),(286,1,NULL,NULL,NULL,NULL,NULL,NULL),(287,1,NULL,NULL,NULL,NULL,NULL,NULL),(288,1,NULL,NULL,NULL,NULL,NULL,NULL),(289,1,NULL,NULL,NULL,NULL,NULL,NULL),(290,1,NULL,NULL,NULL,NULL,NULL,NULL),(291,1,NULL,NULL,NULL,NULL,NULL,NULL),(292,1,NULL,NULL,NULL,NULL,NULL,NULL),(293,1,NULL,NULL,NULL,NULL,NULL,NULL),(294,1,NULL,NULL,NULL,NULL,NULL,NULL),(295,1,NULL,NULL,NULL,NULL,NULL,NULL),(296,1,NULL,NULL,NULL,NULL,NULL,NULL),(297,1,NULL,NULL,NULL,NULL,NULL,NULL),(298,1,NULL,NULL,NULL,NULL,NULL,NULL),(299,1,NULL,NULL,NULL,NULL,NULL,NULL),(300,1,NULL,NULL,NULL,NULL,NULL,NULL),(301,1,NULL,NULL,NULL,NULL,NULL,NULL),(302,1,NULL,NULL,NULL,NULL,NULL,NULL),(303,1,NULL,NULL,NULL,NULL,NULL,NULL),(304,1,NULL,NULL,NULL,NULL,NULL,NULL),(305,1,NULL,NULL,NULL,NULL,NULL,NULL),(306,1,NULL,NULL,NULL,NULL,NULL,NULL),(307,1,NULL,NULL,NULL,NULL,NULL,NULL),(308,2,NULL,NULL,NULL,NULL,NULL,NULL),(309,2,NULL,NULL,NULL,NULL,NULL,NULL),(310,2,NULL,NULL,NULL,NULL,NULL,NULL),(311,2,NULL,NULL,NULL,NULL,NULL,NULL),(312,2,NULL,NULL,NULL,NULL,NULL,NULL),(313,2,NULL,NULL,NULL,NULL,NULL,NULL),(314,2,NULL,NULL,NULL,NULL,NULL,NULL),(315,2,NULL,NULL,NULL,NULL,NULL,NULL),(316,2,NULL,NULL,NULL,NULL,NULL,NULL),(317,2,NULL,NULL,NULL,NULL,NULL,NULL),(318,2,NULL,NULL,NULL,NULL,NULL,NULL),(319,2,NULL,NULL,NULL,NULL,NULL,NULL),(320,2,NULL,NULL,NULL,NULL,NULL,NULL),(321,2,NULL,NULL,NULL,NULL,NULL,NULL),(322,2,NULL,NULL,NULL,NULL,NULL,NULL),(323,2,NULL,NULL,NULL,NULL,NULL,NULL),(324,2,NULL,NULL,NULL,NULL,NULL,NULL),(325,2,NULL,NULL,NULL,NULL,NULL,NULL),(326,2,NULL,NULL,NULL,NULL,NULL,NULL),(327,2,NULL,NULL,NULL,NULL,NULL,NULL),(328,2,NULL,NULL,NULL,NULL,NULL,NULL),(329,2,NULL,NULL,NULL,NULL,NULL,NULL),(330,2,NULL,NULL,NULL,NULL,NULL,NULL),(331,2,NULL,NULL,NULL,NULL,NULL,NULL),(332,2,NULL,NULL,NULL,NULL,NULL,NULL),(333,2,NULL,NULL,NULL,NULL,NULL,NULL),(334,2,NULL,NULL,NULL,NULL,NULL,NULL),(335,2,NULL,NULL,NULL,NULL,NULL,NULL),(336,2,NULL,NULL,NULL,NULL,NULL,NULL),(337,2,NULL,NULL,NULL,NULL,NULL,NULL),(338,2,NULL,NULL,NULL,NULL,NULL,NULL),(339,2,NULL,NULL,NULL,NULL,NULL,NULL),(340,2,NULL,NULL,NULL,NULL,NULL,NULL),(341,2,NULL,NULL,NULL,NULL,NULL,NULL),(342,2,NULL,NULL,NULL,NULL,NULL,NULL),(343,2,NULL,NULL,NULL,NULL,NULL,NULL),(344,2,NULL,NULL,NULL,NULL,NULL,NULL),(345,2,NULL,NULL,NULL,NULL,NULL,NULL),(346,2,NULL,NULL,NULL,NULL,NULL,NULL),(347,2,NULL,NULL,NULL,NULL,NULL,NULL),(348,2,NULL,NULL,NULL,NULL,NULL,NULL),(349,2,NULL,NULL,NULL,NULL,NULL,NULL),(350,2,NULL,NULL,NULL,NULL,NULL,NULL),(351,2,NULL,NULL,NULL,NULL,NULL,NULL),(352,2,NULL,NULL,NULL,NULL,NULL,NULL),(353,2,NULL,NULL,NULL,NULL,NULL,NULL),(354,2,NULL,NULL,NULL,NULL,NULL,NULL),(355,2,NULL,NULL,NULL,NULL,NULL,NULL),(356,2,NULL,NULL,NULL,NULL,NULL,NULL),(357,2,NULL,NULL,NULL,NULL,NULL,NULL),(358,2,NULL,NULL,NULL,NULL,NULL,NULL),(359,2,NULL,NULL,NULL,NULL,NULL,NULL),(360,2,NULL,NULL,NULL,NULL,NULL,NULL),(361,2,NULL,NULL,NULL,NULL,NULL,NULL),(362,2,NULL,NULL,NULL,NULL,NULL,NULL),(363,2,NULL,NULL,NULL,NULL,NULL,NULL),(364,2,NULL,NULL,NULL,NULL,NULL,NULL),(365,2,NULL,NULL,NULL,NULL,NULL,NULL),(366,2,NULL,NULL,NULL,NULL,NULL,NULL),(367,2,NULL,NULL,NULL,NULL,NULL,NULL),(368,2,NULL,NULL,NULL,NULL,NULL,NULL),(369,2,NULL,NULL,NULL,NULL,NULL,NULL),(370,2,NULL,NULL,NULL,NULL,NULL,NULL),(371,2,NULL,NULL,NULL,NULL,NULL,NULL),(372,2,NULL,NULL,NULL,NULL,NULL,NULL),(373,2,NULL,NULL,NULL,NULL,NULL,NULL),(374,2,NULL,NULL,NULL,NULL,NULL,NULL),(375,2,NULL,NULL,NULL,NULL,NULL,NULL),(376,2,NULL,NULL,NULL,NULL,NULL,NULL),(377,2,NULL,NULL,NULL,NULL,NULL,NULL),(378,2,NULL,NULL,NULL,NULL,NULL,NULL),(379,2,NULL,NULL,NULL,NULL,NULL,NULL),(380,2,NULL,NULL,NULL,NULL,NULL,NULL),(381,2,NULL,NULL,NULL,NULL,NULL,NULL),(382,2,NULL,NULL,NULL,NULL,NULL,NULL),(383,2,NULL,NULL,NULL,NULL,NULL,NULL),(384,2,NULL,NULL,NULL,NULL,NULL,NULL),(385,2,NULL,NULL,NULL,NULL,NULL,NULL),(386,2,NULL,NULL,NULL,NULL,NULL,NULL),(387,2,NULL,NULL,NULL,NULL,NULL,NULL),(388,2,NULL,NULL,NULL,NULL,NULL,NULL),(389,2,NULL,NULL,NULL,NULL,NULL,NULL),(390,2,NULL,NULL,NULL,NULL,NULL,NULL),(391,2,NULL,NULL,NULL,NULL,NULL,NULL),(392,2,NULL,NULL,NULL,NULL,NULL,NULL),(393,2,NULL,NULL,NULL,NULL,NULL,NULL),(394,2,NULL,NULL,NULL,NULL,NULL,NULL),(395,2,NULL,NULL,NULL,NULL,NULL,NULL),(396,2,NULL,NULL,NULL,NULL,NULL,NULL),(397,2,NULL,NULL,NULL,NULL,NULL,NULL),(398,2,NULL,NULL,NULL,NULL,NULL,NULL),(399,2,NULL,NULL,NULL,NULL,NULL,NULL),(400,2,NULL,NULL,NULL,NULL,NULL,NULL),(401,2,NULL,NULL,NULL,NULL,NULL,NULL),(402,2,NULL,NULL,NULL,NULL,NULL,NULL),(403,2,NULL,NULL,NULL,NULL,NULL,NULL),(404,2,NULL,NULL,NULL,NULL,NULL,NULL),(405,2,NULL,NULL,NULL,NULL,NULL,NULL),(406,2,NULL,NULL,NULL,NULL,NULL,NULL),(407,2,NULL,NULL,NULL,NULL,NULL,NULL),(408,2,NULL,NULL,NULL,NULL,NULL,NULL),(409,2,NULL,NULL,NULL,NULL,NULL,NULL),(410,2,NULL,NULL,NULL,NULL,NULL,NULL),(411,2,NULL,NULL,NULL,NULL,NULL,NULL),(412,2,NULL,NULL,NULL,NULL,NULL,NULL),(413,2,NULL,NULL,NULL,NULL,NULL,NULL),(414,2,NULL,NULL,NULL,NULL,NULL,NULL),(415,2,NULL,NULL,NULL,NULL,NULL,NULL),(416,2,NULL,NULL,NULL,NULL,NULL,NULL),(417,2,NULL,NULL,NULL,NULL,NULL,NULL),(418,2,NULL,NULL,NULL,NULL,NULL,NULL),(419,2,NULL,NULL,NULL,NULL,NULL,NULL),(420,2,NULL,NULL,NULL,NULL,NULL,NULL),(421,2,NULL,NULL,NULL,NULL,NULL,NULL),(422,2,NULL,NULL,NULL,NULL,NULL,NULL),(423,2,NULL,NULL,NULL,NULL,NULL,NULL),(424,2,NULL,NULL,NULL,NULL,NULL,NULL),(425,2,NULL,NULL,NULL,NULL,NULL,NULL),(426,2,NULL,NULL,NULL,NULL,NULL,NULL),(427,2,NULL,NULL,NULL,NULL,NULL,NULL),(428,2,NULL,NULL,NULL,NULL,NULL,NULL),(429,2,NULL,NULL,NULL,NULL,NULL,NULL),(430,2,NULL,NULL,NULL,NULL,NULL,NULL),(431,2,NULL,NULL,NULL,NULL,NULL,NULL),(432,2,NULL,NULL,NULL,NULL,NULL,NULL),(433,2,NULL,NULL,NULL,NULL,NULL,NULL),(434,2,NULL,NULL,NULL,NULL,NULL,NULL),(435,2,NULL,NULL,NULL,NULL,NULL,NULL),(436,2,NULL,NULL,NULL,NULL,NULL,NULL),(437,2,NULL,NULL,NULL,NULL,NULL,NULL),(438,2,NULL,NULL,NULL,NULL,NULL,NULL),(439,2,NULL,NULL,NULL,NULL,NULL,NULL),(440,2,NULL,NULL,NULL,NULL,NULL,NULL),(441,2,NULL,NULL,NULL,NULL,NULL,NULL),(442,2,NULL,NULL,NULL,NULL,NULL,NULL),(443,2,NULL,NULL,NULL,NULL,NULL,NULL),(444,2,NULL,NULL,NULL,NULL,NULL,NULL),(445,2,NULL,NULL,NULL,NULL,NULL,NULL),(446,2,NULL,NULL,NULL,NULL,NULL,NULL),(447,2,NULL,NULL,NULL,NULL,NULL,NULL),(448,2,NULL,NULL,NULL,NULL,NULL,NULL),(449,2,NULL,NULL,NULL,NULL,NULL,NULL),(450,2,NULL,NULL,NULL,NULL,NULL,NULL),(451,2,NULL,NULL,NULL,NULL,NULL,NULL),(452,2,NULL,NULL,NULL,NULL,NULL,NULL),(453,2,NULL,NULL,NULL,NULL,NULL,NULL),(454,2,NULL,NULL,NULL,NULL,NULL,NULL),(455,2,NULL,NULL,NULL,NULL,NULL,NULL),(456,2,NULL,NULL,NULL,NULL,NULL,NULL),(457,2,NULL,NULL,NULL,NULL,NULL,NULL),(458,2,NULL,NULL,NULL,NULL,NULL,NULL),(459,2,NULL,NULL,NULL,NULL,NULL,NULL),(460,2,NULL,NULL,NULL,NULL,NULL,NULL),(461,2,NULL,NULL,NULL,NULL,NULL,NULL),(462,2,NULL,NULL,NULL,NULL,NULL,NULL),(463,2,NULL,NULL,NULL,NULL,NULL,NULL),(464,2,NULL,NULL,NULL,NULL,NULL,NULL),(465,2,NULL,NULL,NULL,NULL,NULL,NULL),(466,2,NULL,NULL,NULL,NULL,NULL,NULL),(467,2,NULL,NULL,NULL,NULL,NULL,NULL),(468,2,NULL,NULL,NULL,NULL,NULL,NULL),(469,2,NULL,NULL,NULL,NULL,NULL,NULL),(470,2,NULL,NULL,NULL,NULL,NULL,NULL),(471,2,NULL,NULL,NULL,NULL,NULL,NULL),(472,2,NULL,NULL,NULL,NULL,NULL,NULL),(473,2,NULL,NULL,NULL,NULL,NULL,NULL),(474,2,NULL,NULL,NULL,NULL,NULL,NULL),(475,2,NULL,NULL,NULL,NULL,NULL,NULL),(476,2,NULL,NULL,NULL,NULL,NULL,NULL),(477,2,NULL,NULL,NULL,NULL,NULL,NULL),(478,2,NULL,NULL,NULL,NULL,NULL,NULL),(479,2,NULL,NULL,NULL,NULL,NULL,NULL),(480,3,NULL,NULL,NULL,NULL,NULL,NULL),(481,3,NULL,NULL,NULL,NULL,NULL,NULL),(482,3,NULL,NULL,NULL,NULL,NULL,NULL),(483,3,NULL,NULL,NULL,NULL,NULL,NULL),(484,3,NULL,NULL,NULL,NULL,NULL,NULL),(485,3,NULL,NULL,NULL,NULL,NULL,NULL),(486,3,NULL,NULL,NULL,NULL,NULL,NULL),(487,3,NULL,NULL,NULL,NULL,NULL,NULL),(488,3,NULL,NULL,NULL,NULL,NULL,NULL),(489,3,NULL,NULL,NULL,NULL,NULL,NULL),(490,3,NULL,NULL,NULL,NULL,NULL,NULL),(491,3,NULL,NULL,NULL,NULL,NULL,NULL),(492,3,NULL,NULL,NULL,NULL,NULL,NULL),(493,3,NULL,NULL,NULL,NULL,NULL,NULL),(494,3,NULL,NULL,NULL,NULL,NULL,NULL),(495,3,NULL,NULL,NULL,NULL,NULL,NULL),(496,3,NULL,NULL,NULL,NULL,NULL,NULL),(497,3,NULL,NULL,NULL,NULL,NULL,NULL),(498,3,NULL,NULL,NULL,NULL,NULL,NULL),(499,3,NULL,NULL,NULL,NULL,NULL,NULL),(500,3,NULL,NULL,NULL,NULL,NULL,NULL),(501,3,NULL,NULL,NULL,NULL,NULL,NULL),(502,3,NULL,NULL,NULL,NULL,NULL,NULL),(503,3,NULL,NULL,NULL,NULL,NULL,NULL),(504,3,NULL,NULL,NULL,NULL,NULL,NULL),(505,3,NULL,NULL,NULL,NULL,NULL,NULL),(506,3,NULL,NULL,NULL,NULL,NULL,NULL),(507,3,NULL,NULL,NULL,NULL,NULL,NULL),(508,3,NULL,NULL,NULL,NULL,NULL,NULL),(509,3,NULL,NULL,NULL,NULL,NULL,NULL),(510,3,NULL,NULL,NULL,NULL,NULL,NULL),(511,3,NULL,NULL,NULL,NULL,NULL,NULL),(512,3,NULL,NULL,NULL,NULL,NULL,NULL),(513,3,NULL,NULL,NULL,NULL,NULL,NULL),(514,3,NULL,NULL,NULL,NULL,NULL,NULL),(515,3,NULL,NULL,NULL,NULL,NULL,NULL),(516,3,NULL,NULL,NULL,NULL,NULL,NULL),(517,3,NULL,NULL,NULL,NULL,NULL,NULL),(518,3,NULL,NULL,NULL,NULL,NULL,NULL),(519,3,NULL,NULL,NULL,NULL,NULL,NULL),(520,3,NULL,NULL,NULL,NULL,NULL,NULL),(521,3,NULL,NULL,NULL,NULL,NULL,NULL),(522,3,NULL,NULL,NULL,NULL,NULL,NULL),(523,3,NULL,NULL,NULL,NULL,NULL,NULL),(524,3,NULL,NULL,NULL,NULL,NULL,NULL),(525,3,NULL,NULL,NULL,NULL,NULL,NULL),(526,3,NULL,NULL,NULL,NULL,NULL,NULL),(527,3,NULL,NULL,NULL,NULL,NULL,NULL),(528,3,NULL,NULL,NULL,NULL,NULL,NULL),(529,3,NULL,NULL,NULL,NULL,NULL,NULL),(530,3,NULL,NULL,NULL,NULL,NULL,NULL),(531,3,NULL,NULL,NULL,NULL,NULL,NULL),(532,3,NULL,NULL,NULL,NULL,NULL,NULL),(533,3,NULL,NULL,NULL,NULL,NULL,NULL),(534,3,NULL,NULL,NULL,NULL,NULL,NULL),(535,3,NULL,NULL,NULL,NULL,NULL,NULL),(536,3,NULL,NULL,NULL,NULL,NULL,NULL),(537,3,NULL,NULL,NULL,NULL,NULL,NULL),(538,3,NULL,NULL,NULL,NULL,NULL,NULL),(539,3,NULL,NULL,NULL,NULL,NULL,NULL),(540,3,NULL,NULL,NULL,NULL,NULL,NULL),(541,3,NULL,NULL,NULL,NULL,NULL,NULL),(542,3,NULL,NULL,NULL,NULL,NULL,NULL),(543,3,NULL,NULL,NULL,NULL,NULL,NULL),(544,3,NULL,NULL,NULL,NULL,NULL,NULL),(545,3,NULL,NULL,NULL,NULL,NULL,NULL),(546,3,NULL,NULL,NULL,NULL,NULL,NULL),(547,3,NULL,NULL,NULL,NULL,NULL,NULL),(548,3,NULL,NULL,NULL,NULL,NULL,NULL),(549,3,NULL,NULL,NULL,NULL,NULL,NULL),(550,3,NULL,NULL,NULL,NULL,NULL,NULL),(551,3,NULL,NULL,NULL,NULL,NULL,NULL),(552,3,NULL,NULL,NULL,NULL,NULL,NULL),(553,3,NULL,NULL,NULL,NULL,NULL,NULL),(554,3,NULL,NULL,NULL,NULL,NULL,NULL),(555,3,NULL,NULL,NULL,NULL,NULL,NULL),(556,3,NULL,NULL,NULL,NULL,NULL,NULL),(557,3,NULL,NULL,NULL,NULL,NULL,NULL),(558,3,NULL,NULL,NULL,NULL,NULL,NULL),(559,3,NULL,NULL,NULL,NULL,NULL,NULL),(560,3,NULL,NULL,NULL,NULL,NULL,NULL),(561,3,NULL,NULL,NULL,NULL,NULL,NULL),(562,3,NULL,NULL,NULL,NULL,NULL,NULL),(563,3,NULL,NULL,NULL,NULL,NULL,NULL),(564,3,NULL,NULL,NULL,NULL,NULL,NULL),(565,3,NULL,NULL,NULL,NULL,NULL,NULL),(566,3,NULL,NULL,NULL,NULL,NULL,NULL),(567,3,NULL,NULL,NULL,NULL,NULL,NULL),(568,3,NULL,NULL,NULL,NULL,NULL,NULL),(569,3,NULL,NULL,NULL,NULL,NULL,NULL),(570,3,NULL,NULL,NULL,NULL,NULL,NULL),(571,3,NULL,NULL,NULL,NULL,NULL,NULL),(572,3,NULL,NULL,NULL,NULL,NULL,NULL),(573,3,NULL,NULL,NULL,NULL,NULL,NULL),(574,3,NULL,NULL,NULL,NULL,NULL,NULL),(575,3,NULL,NULL,NULL,NULL,NULL,NULL),(576,3,NULL,NULL,NULL,NULL,NULL,NULL),(577,3,NULL,NULL,NULL,NULL,NULL,NULL),(578,3,NULL,NULL,NULL,NULL,NULL,NULL),(579,3,NULL,NULL,NULL,NULL,NULL,NULL),(580,3,NULL,NULL,NULL,NULL,NULL,NULL),(581,3,NULL,NULL,NULL,NULL,NULL,NULL),(582,3,NULL,NULL,NULL,NULL,NULL,NULL),(583,3,NULL,NULL,NULL,NULL,NULL,NULL),(584,3,NULL,NULL,NULL,NULL,NULL,NULL),(585,3,NULL,NULL,NULL,NULL,NULL,NULL),(586,3,NULL,NULL,NULL,NULL,NULL,NULL),(587,3,NULL,NULL,NULL,NULL,NULL,NULL),(588,3,NULL,NULL,NULL,NULL,NULL,NULL),(589,3,NULL,NULL,NULL,NULL,NULL,NULL),(590,3,NULL,NULL,NULL,NULL,NULL,NULL),(591,3,NULL,NULL,NULL,NULL,NULL,NULL),(592,3,NULL,NULL,NULL,NULL,NULL,NULL),(593,3,NULL,NULL,NULL,NULL,NULL,NULL),(594,3,NULL,NULL,NULL,NULL,NULL,NULL),(595,3,NULL,NULL,NULL,NULL,NULL,NULL),(596,3,NULL,NULL,NULL,NULL,NULL,NULL),(597,3,NULL,NULL,NULL,NULL,NULL,NULL),(598,3,NULL,NULL,NULL,NULL,NULL,NULL),(599,3,NULL,NULL,NULL,NULL,NULL,NULL),(600,3,NULL,NULL,NULL,NULL,NULL,NULL),(601,3,NULL,NULL,NULL,NULL,NULL,NULL),(602,3,NULL,NULL,NULL,NULL,NULL,NULL),(603,3,NULL,NULL,NULL,NULL,NULL,NULL),(604,3,NULL,NULL,NULL,NULL,NULL,NULL),(605,3,NULL,NULL,NULL,NULL,NULL,NULL),(606,3,NULL,NULL,NULL,NULL,NULL,NULL),(607,3,NULL,NULL,NULL,NULL,NULL,NULL),(608,3,NULL,NULL,NULL,NULL,NULL,NULL),(609,3,NULL,NULL,NULL,NULL,NULL,NULL),(610,3,NULL,NULL,NULL,NULL,NULL,NULL),(611,3,NULL,NULL,NULL,NULL,NULL,NULL),(612,3,NULL,NULL,NULL,NULL,NULL,NULL),(613,3,NULL,NULL,NULL,NULL,NULL,NULL),(614,3,NULL,NULL,NULL,NULL,NULL,NULL),(615,3,NULL,NULL,NULL,NULL,NULL,NULL),(616,3,NULL,NULL,NULL,NULL,NULL,NULL),(617,3,NULL,NULL,NULL,NULL,NULL,NULL),(618,3,NULL,NULL,NULL,NULL,NULL,NULL),(619,3,NULL,NULL,NULL,NULL,NULL,NULL),(620,3,NULL,NULL,NULL,NULL,NULL,NULL),(621,3,NULL,NULL,NULL,NULL,NULL,NULL),(622,3,NULL,NULL,NULL,NULL,NULL,NULL),(623,3,NULL,NULL,NULL,NULL,NULL,NULL),(624,3,NULL,NULL,NULL,NULL,NULL,NULL),(625,3,NULL,NULL,NULL,NULL,NULL,NULL),(626,3,NULL,NULL,NULL,NULL,NULL,NULL),(627,3,NULL,NULL,NULL,NULL,NULL,NULL),(628,3,NULL,NULL,NULL,NULL,NULL,NULL),(629,3,NULL,NULL,NULL,NULL,NULL,NULL),(630,3,NULL,NULL,NULL,NULL,NULL,NULL),(631,3,NULL,NULL,NULL,NULL,NULL,NULL),(632,3,NULL,NULL,NULL,NULL,NULL,NULL),(633,3,NULL,NULL,NULL,NULL,NULL,NULL),(634,3,NULL,NULL,NULL,NULL,NULL,NULL),(635,3,NULL,NULL,NULL,NULL,NULL,NULL),(636,3,NULL,NULL,NULL,NULL,NULL,NULL),(637,3,NULL,NULL,NULL,NULL,NULL,NULL),(638,3,NULL,NULL,NULL,NULL,NULL,NULL),(639,3,NULL,NULL,NULL,NULL,NULL,NULL),(640,3,NULL,NULL,NULL,NULL,NULL,NULL),(641,3,NULL,NULL,NULL,NULL,NULL,NULL),(642,3,NULL,NULL,NULL,NULL,NULL,NULL),(643,3,NULL,NULL,NULL,NULL,NULL,NULL),(644,3,NULL,NULL,NULL,NULL,NULL,NULL),(645,3,NULL,NULL,NULL,NULL,NULL,NULL),(646,3,NULL,NULL,NULL,NULL,NULL,NULL),(647,3,NULL,NULL,NULL,NULL,NULL,NULL),(648,3,NULL,NULL,NULL,NULL,NULL,NULL),(649,3,NULL,NULL,NULL,NULL,NULL,NULL),(650,3,NULL,NULL,NULL,NULL,NULL,NULL),(651,3,NULL,NULL,NULL,NULL,NULL,NULL),(652,3,NULL,NULL,NULL,NULL,NULL,NULL),(653,3,NULL,NULL,NULL,NULL,NULL,NULL),(654,3,NULL,NULL,NULL,NULL,NULL,NULL),(655,3,NULL,NULL,NULL,NULL,NULL,NULL),(656,3,NULL,NULL,NULL,NULL,NULL,NULL),(657,3,NULL,NULL,NULL,NULL,NULL,NULL),(658,3,NULL,NULL,NULL,NULL,NULL,NULL),(659,3,NULL,NULL,NULL,NULL,NULL,NULL),(660,3,NULL,NULL,NULL,NULL,NULL,NULL),(661,3,NULL,NULL,NULL,NULL,NULL,NULL),(662,3,NULL,NULL,NULL,NULL,NULL,NULL),(663,3,NULL,NULL,NULL,NULL,NULL,NULL),(664,3,NULL,NULL,NULL,NULL,NULL,NULL),(665,3,NULL,NULL,NULL,NULL,NULL,NULL),(666,3,NULL,NULL,NULL,NULL,NULL,NULL),(667,3,NULL,NULL,NULL,NULL,NULL,NULL),(668,3,NULL,NULL,NULL,NULL,NULL,NULL),(669,3,NULL,NULL,NULL,NULL,NULL,NULL),(670,3,NULL,NULL,NULL,NULL,NULL,NULL),(671,3,NULL,NULL,NULL,NULL,NULL,NULL),(672,3,NULL,NULL,NULL,NULL,NULL,NULL),(673,3,NULL,NULL,NULL,NULL,NULL,NULL),(674,3,NULL,NULL,NULL,NULL,NULL,NULL),(675,3,NULL,NULL,NULL,NULL,NULL,NULL),(676,3,NULL,NULL,NULL,NULL,NULL,NULL),(677,3,NULL,NULL,NULL,NULL,NULL,NULL),(678,3,NULL,NULL,NULL,NULL,NULL,NULL),(679,3,NULL,NULL,NULL,NULL,NULL,NULL),(680,3,NULL,NULL,NULL,NULL,NULL,NULL),(681,3,NULL,NULL,NULL,NULL,NULL,NULL),(682,3,NULL,NULL,NULL,NULL,NULL,NULL),(683,3,NULL,NULL,NULL,NULL,NULL,NULL),(684,3,NULL,NULL,NULL,NULL,NULL,NULL),(685,3,NULL,NULL,NULL,NULL,NULL,NULL),(686,3,NULL,NULL,NULL,NULL,NULL,NULL),(687,3,NULL,NULL,NULL,NULL,NULL,NULL),(688,3,NULL,NULL,NULL,NULL,NULL,NULL),(689,3,NULL,NULL,NULL,NULL,NULL,NULL),(690,3,NULL,NULL,NULL,NULL,NULL,NULL),(691,3,NULL,NULL,NULL,NULL,NULL,NULL),(692,3,NULL,NULL,NULL,NULL,NULL,NULL),(693,3,NULL,NULL,NULL,NULL,NULL,NULL),(694,3,NULL,NULL,NULL,NULL,NULL,NULL),(695,3,NULL,NULL,NULL,NULL,NULL,NULL),(696,3,NULL,NULL,NULL,NULL,NULL,NULL),(697,3,NULL,NULL,NULL,NULL,NULL,NULL),(698,3,NULL,NULL,NULL,NULL,NULL,NULL),(699,3,NULL,NULL,NULL,NULL,NULL,NULL),(700,3,NULL,NULL,NULL,NULL,NULL,NULL),(701,3,NULL,NULL,NULL,NULL,NULL,NULL),(702,3,NULL,NULL,NULL,NULL,NULL,NULL),(703,3,NULL,NULL,NULL,NULL,NULL,NULL),(704,3,NULL,NULL,NULL,NULL,NULL,NULL),(705,3,NULL,NULL,NULL,NULL,NULL,NULL),(706,3,NULL,NULL,NULL,NULL,NULL,NULL),(707,3,NULL,NULL,NULL,NULL,NULL,NULL),(708,3,NULL,NULL,NULL,NULL,NULL,NULL),(709,3,NULL,NULL,NULL,NULL,NULL,NULL),(710,3,NULL,NULL,NULL,NULL,NULL,NULL),(711,3,NULL,NULL,NULL,NULL,NULL,NULL),(712,3,NULL,NULL,NULL,NULL,NULL,NULL),(713,3,NULL,NULL,NULL,NULL,NULL,NULL),(714,3,NULL,NULL,NULL,NULL,NULL,NULL),(715,3,NULL,NULL,NULL,NULL,NULL,NULL),(716,3,NULL,NULL,NULL,NULL,NULL,NULL),(717,3,NULL,NULL,NULL,NULL,NULL,NULL),(718,3,NULL,NULL,NULL,NULL,NULL,NULL),(719,3,NULL,NULL,NULL,NULL,NULL,NULL),(720,3,NULL,NULL,NULL,NULL,NULL,NULL),(721,3,NULL,NULL,NULL,NULL,NULL,NULL),(722,3,NULL,NULL,NULL,NULL,NULL,NULL),(723,3,NULL,NULL,NULL,NULL,NULL,NULL),(724,3,NULL,NULL,NULL,NULL,NULL,NULL),(725,3,NULL,NULL,NULL,NULL,NULL,NULL),(726,3,NULL,NULL,NULL,NULL,NULL,NULL),(727,3,NULL,NULL,NULL,NULL,NULL,NULL),(728,3,NULL,NULL,NULL,NULL,NULL,NULL),(729,3,NULL,NULL,NULL,NULL,NULL,NULL),(730,3,NULL,NULL,NULL,NULL,NULL,NULL),(731,3,NULL,NULL,NULL,NULL,NULL,NULL),(732,3,NULL,NULL,NULL,NULL,NULL,NULL),(733,3,NULL,NULL,NULL,NULL,NULL,NULL),(734,3,NULL,NULL,NULL,NULL,NULL,NULL),(735,3,NULL,NULL,NULL,NULL,NULL,NULL),(736,3,NULL,NULL,NULL,NULL,NULL,NULL),(737,3,NULL,NULL,NULL,NULL,NULL,NULL),(738,3,NULL,NULL,NULL,NULL,NULL,NULL),(739,3,NULL,NULL,NULL,NULL,NULL,NULL),(740,3,NULL,NULL,NULL,NULL,NULL,NULL),(741,3,NULL,NULL,NULL,NULL,NULL,NULL),(742,3,NULL,NULL,NULL,NULL,NULL,NULL),(743,3,NULL,NULL,NULL,NULL,NULL,NULL),(744,3,NULL,NULL,NULL,NULL,NULL,NULL),(745,3,NULL,NULL,NULL,NULL,NULL,NULL),(746,3,NULL,NULL,NULL,NULL,NULL,NULL),(747,3,NULL,NULL,NULL,NULL,NULL,NULL),(748,3,NULL,NULL,NULL,NULL,NULL,NULL),(749,3,NULL,NULL,NULL,NULL,NULL,NULL),(750,3,NULL,NULL,NULL,NULL,NULL,NULL),(751,3,NULL,NULL,NULL,NULL,NULL,NULL),(752,3,NULL,NULL,NULL,NULL,NULL,NULL),(753,3,NULL,NULL,NULL,NULL,NULL,NULL),(754,3,NULL,NULL,NULL,NULL,NULL,NULL),(755,3,NULL,NULL,NULL,NULL,NULL,NULL),(756,3,NULL,NULL,NULL,NULL,NULL,NULL),(757,3,NULL,NULL,NULL,NULL,NULL,NULL),(758,3,NULL,NULL,NULL,NULL,NULL,NULL),(759,3,NULL,NULL,NULL,NULL,NULL,NULL),(760,3,NULL,NULL,NULL,NULL,NULL,NULL),(761,3,NULL,NULL,NULL,NULL,NULL,NULL),(762,3,NULL,NULL,NULL,NULL,NULL,NULL),(763,3,NULL,NULL,NULL,NULL,NULL,NULL),(764,3,NULL,NULL,NULL,NULL,NULL,NULL),(765,3,NULL,NULL,NULL,NULL,NULL,NULL),(766,3,NULL,NULL,NULL,NULL,NULL,NULL),(767,3,NULL,NULL,NULL,NULL,NULL,NULL),(768,3,NULL,NULL,NULL,NULL,NULL,NULL),(769,3,NULL,NULL,NULL,NULL,NULL,NULL),(770,3,NULL,NULL,NULL,NULL,NULL,NULL),(771,3,NULL,NULL,NULL,NULL,NULL,NULL),(772,3,NULL,NULL,NULL,NULL,NULL,NULL),(773,3,NULL,NULL,NULL,NULL,NULL,NULL),(774,3,NULL,NULL,NULL,NULL,NULL,NULL),(775,3,NULL,NULL,NULL,NULL,NULL,NULL),(776,3,NULL,NULL,NULL,NULL,NULL,NULL),(777,3,NULL,NULL,NULL,NULL,NULL,NULL),(778,3,NULL,NULL,NULL,NULL,NULL,NULL),(779,3,NULL,NULL,NULL,NULL,NULL,NULL),(780,3,NULL,NULL,NULL,NULL,NULL,NULL),(781,3,NULL,NULL,NULL,NULL,NULL,NULL),(782,3,NULL,NULL,NULL,NULL,NULL,NULL),(783,3,NULL,NULL,NULL,NULL,NULL,NULL),(784,3,NULL,NULL,NULL,NULL,NULL,NULL),(785,3,NULL,NULL,NULL,NULL,NULL,NULL),(786,3,NULL,NULL,NULL,NULL,NULL,NULL),(787,3,NULL,NULL,NULL,NULL,NULL,NULL),(788,3,NULL,NULL,NULL,NULL,NULL,NULL),(789,3,NULL,NULL,NULL,NULL,NULL,NULL),(790,3,NULL,NULL,NULL,NULL,NULL,NULL),(791,3,NULL,NULL,NULL,NULL,NULL,NULL),(792,3,NULL,NULL,NULL,NULL,NULL,NULL),(793,3,NULL,NULL,NULL,NULL,NULL,NULL),(794,3,NULL,NULL,NULL,NULL,NULL,NULL),(795,3,NULL,NULL,NULL,NULL,NULL,NULL),(796,3,NULL,NULL,NULL,NULL,NULL,NULL),(797,3,NULL,NULL,NULL,NULL,NULL,NULL),(798,3,NULL,NULL,NULL,NULL,NULL,NULL),(799,3,NULL,NULL,NULL,NULL,NULL,NULL),(800,3,NULL,NULL,NULL,NULL,NULL,NULL),(801,3,NULL,NULL,NULL,NULL,NULL,NULL),(802,3,NULL,NULL,NULL,NULL,NULL,NULL),(803,3,NULL,NULL,NULL,NULL,NULL,NULL),(804,3,NULL,NULL,NULL,NULL,NULL,NULL),(805,3,NULL,NULL,NULL,NULL,NULL,NULL),(806,3,NULL,NULL,NULL,NULL,NULL,NULL),(807,3,NULL,NULL,NULL,NULL,NULL,NULL),(808,3,NULL,NULL,NULL,NULL,NULL,NULL),(809,3,NULL,NULL,NULL,NULL,NULL,NULL),(810,3,NULL,NULL,NULL,NULL,NULL,NULL),(811,3,NULL,NULL,NULL,NULL,NULL,NULL),(812,3,NULL,NULL,NULL,NULL,NULL,NULL),(813,3,NULL,NULL,NULL,NULL,NULL,NULL),(814,3,NULL,NULL,NULL,NULL,NULL,NULL),(815,3,NULL,NULL,NULL,NULL,NULL,NULL),(816,3,NULL,NULL,NULL,NULL,NULL,NULL),(817,3,NULL,NULL,NULL,NULL,NULL,NULL),(818,3,NULL,NULL,NULL,NULL,NULL,NULL),(819,3,NULL,NULL,NULL,NULL,NULL,NULL),(820,3,NULL,NULL,NULL,NULL,NULL,NULL),(821,3,NULL,NULL,NULL,NULL,NULL,NULL),(822,3,NULL,NULL,NULL,NULL,NULL,NULL),(823,3,NULL,NULL,NULL,NULL,NULL,NULL),(824,3,NULL,NULL,NULL,NULL,NULL,NULL),(825,3,NULL,NULL,NULL,NULL,NULL,NULL),(826,3,NULL,NULL,NULL,NULL,NULL,NULL),(827,3,NULL,NULL,NULL,NULL,NULL,NULL),(828,3,NULL,NULL,NULL,NULL,NULL,NULL),(829,3,NULL,NULL,NULL,NULL,NULL,NULL),(830,3,NULL,NULL,NULL,NULL,NULL,NULL),(831,3,NULL,NULL,NULL,NULL,NULL,NULL),(832,3,NULL,NULL,NULL,NULL,NULL,NULL),(833,3,NULL,NULL,NULL,NULL,NULL,NULL),(834,3,NULL,NULL,NULL,NULL,NULL,NULL),(835,3,NULL,NULL,NULL,NULL,NULL,NULL),(836,3,NULL,NULL,NULL,NULL,NULL,NULL),(837,3,NULL,NULL,NULL,NULL,NULL,NULL),(838,3,NULL,NULL,NULL,NULL,NULL,NULL),(839,3,NULL,NULL,NULL,NULL,NULL,NULL),(840,3,NULL,NULL,NULL,NULL,NULL,NULL),(841,3,NULL,NULL,NULL,NULL,NULL,NULL),(842,3,NULL,NULL,NULL,NULL,NULL,NULL),(843,3,NULL,NULL,NULL,NULL,NULL,NULL),(844,3,NULL,NULL,NULL,NULL,NULL,NULL),(845,3,NULL,NULL,NULL,NULL,NULL,NULL),(846,3,NULL,NULL,NULL,NULL,NULL,NULL),(847,3,NULL,NULL,NULL,NULL,NULL,NULL),(848,3,NULL,NULL,NULL,NULL,NULL,NULL),(849,3,NULL,NULL,NULL,NULL,NULL,NULL),(850,3,NULL,NULL,NULL,NULL,NULL,NULL),(851,3,NULL,NULL,NULL,NULL,NULL,NULL),(852,3,NULL,NULL,NULL,NULL,NULL,NULL),(853,3,NULL,NULL,NULL,NULL,NULL,NULL),(854,3,NULL,NULL,NULL,NULL,NULL,NULL),(855,3,NULL,NULL,NULL,NULL,NULL,NULL),(856,3,NULL,NULL,NULL,NULL,NULL,NULL),(857,3,NULL,NULL,NULL,NULL,NULL,NULL),(858,3,NULL,NULL,NULL,NULL,NULL,NULL),(859,3,NULL,NULL,NULL,NULL,NULL,NULL),(860,3,NULL,NULL,NULL,NULL,NULL,NULL),(861,3,NULL,NULL,NULL,NULL,NULL,NULL),(862,3,NULL,NULL,NULL,NULL,NULL,NULL),(863,3,NULL,NULL,NULL,NULL,NULL,NULL),(864,3,NULL,NULL,NULL,NULL,NULL,NULL),(865,3,NULL,NULL,NULL,NULL,NULL,NULL),(866,3,NULL,NULL,NULL,NULL,NULL,NULL),(867,3,NULL,NULL,NULL,NULL,NULL,NULL),(868,3,NULL,NULL,NULL,NULL,NULL,NULL),(869,4,NULL,NULL,NULL,NULL,NULL,NULL),(870,4,NULL,NULL,NULL,NULL,NULL,NULL),(871,4,NULL,NULL,NULL,NULL,NULL,NULL),(872,4,NULL,NULL,NULL,NULL,NULL,NULL),(873,4,NULL,NULL,NULL,NULL,NULL,NULL),(874,4,NULL,NULL,NULL,NULL,NULL,NULL),(875,4,NULL,NULL,NULL,NULL,NULL,NULL),(876,4,NULL,NULL,NULL,NULL,NULL,NULL),(877,4,NULL,NULL,NULL,NULL,NULL,NULL),(878,4,NULL,NULL,NULL,NULL,NULL,NULL),(879,4,NULL,NULL,NULL,NULL,NULL,NULL),(880,4,NULL,NULL,NULL,NULL,NULL,NULL),(881,4,NULL,NULL,NULL,NULL,NULL,NULL),(882,4,NULL,NULL,NULL,NULL,NULL,NULL),(883,4,NULL,NULL,NULL,NULL,NULL,NULL),(884,4,NULL,NULL,NULL,NULL,NULL,NULL),(885,4,NULL,NULL,NULL,NULL,NULL,NULL),(886,4,NULL,NULL,NULL,NULL,NULL,NULL),(887,4,NULL,NULL,NULL,NULL,NULL,NULL),(888,4,NULL,NULL,NULL,NULL,NULL,NULL),(889,4,NULL,NULL,NULL,NULL,NULL,NULL),(890,4,NULL,NULL,NULL,NULL,NULL,NULL),(891,4,NULL,NULL,NULL,NULL,NULL,NULL),(892,4,NULL,NULL,NULL,NULL,NULL,NULL),(893,4,NULL,NULL,NULL,NULL,NULL,NULL),(894,4,NULL,NULL,NULL,NULL,NULL,NULL),(895,4,NULL,NULL,NULL,NULL,NULL,NULL),(896,4,NULL,NULL,NULL,NULL,NULL,NULL),(897,4,NULL,NULL,NULL,NULL,NULL,NULL),(898,4,NULL,NULL,NULL,NULL,NULL,NULL),(899,4,NULL,NULL,NULL,NULL,NULL,NULL),(900,4,NULL,NULL,NULL,NULL,NULL,NULL),(901,4,NULL,NULL,NULL,NULL,NULL,NULL),(902,4,NULL,NULL,NULL,NULL,NULL,NULL),(903,4,NULL,NULL,NULL,NULL,NULL,NULL),(904,4,NULL,NULL,NULL,NULL,NULL,NULL),(905,4,NULL,NULL,NULL,NULL,NULL,NULL),(906,4,NULL,NULL,NULL,NULL,NULL,NULL),(907,4,NULL,NULL,NULL,NULL,NULL,NULL),(908,4,NULL,NULL,NULL,NULL,NULL,NULL),(909,4,NULL,NULL,NULL,NULL,NULL,NULL),(910,4,NULL,NULL,NULL,NULL,NULL,NULL),(911,4,NULL,NULL,NULL,NULL,NULL,NULL),(912,4,NULL,NULL,NULL,NULL,NULL,NULL),(913,4,NULL,NULL,NULL,NULL,NULL,NULL),(914,4,NULL,NULL,NULL,NULL,NULL,NULL),(915,4,NULL,NULL,NULL,NULL,NULL,NULL),(916,4,NULL,NULL,NULL,NULL,NULL,NULL),(917,4,NULL,NULL,NULL,NULL,NULL,NULL),(918,4,NULL,NULL,NULL,NULL,NULL,NULL),(919,4,NULL,NULL,NULL,NULL,NULL,NULL),(920,4,NULL,NULL,NULL,NULL,NULL,NULL),(921,4,NULL,NULL,NULL,NULL,NULL,NULL),(922,4,NULL,NULL,NULL,NULL,NULL,NULL),(923,4,NULL,NULL,NULL,NULL,NULL,NULL),(924,4,NULL,NULL,NULL,NULL,NULL,NULL),(925,4,NULL,NULL,NULL,NULL,NULL,NULL),(926,4,NULL,NULL,NULL,NULL,NULL,NULL),(927,4,NULL,NULL,NULL,NULL,NULL,NULL),(928,4,NULL,NULL,NULL,NULL,NULL,NULL),(929,4,NULL,NULL,NULL,NULL,NULL,NULL),(930,4,NULL,NULL,NULL,NULL,NULL,NULL),(931,4,NULL,NULL,NULL,NULL,NULL,NULL),(932,4,NULL,NULL,NULL,NULL,NULL,NULL),(933,4,NULL,NULL,NULL,NULL,NULL,NULL),(934,4,NULL,NULL,NULL,NULL,NULL,NULL),(935,4,NULL,NULL,NULL,NULL,NULL,NULL),(936,4,NULL,NULL,NULL,NULL,NULL,NULL),(937,4,NULL,NULL,NULL,NULL,NULL,NULL),(938,4,NULL,NULL,NULL,NULL,NULL,NULL),(939,4,NULL,NULL,NULL,NULL,NULL,NULL),(940,4,NULL,NULL,NULL,NULL,NULL,NULL),(941,4,NULL,NULL,NULL,NULL,NULL,NULL),(942,4,NULL,NULL,NULL,NULL,NULL,NULL),(943,4,NULL,NULL,NULL,NULL,NULL,NULL),(944,4,NULL,NULL,NULL,NULL,NULL,NULL),(945,4,NULL,NULL,NULL,NULL,NULL,NULL),(946,4,NULL,NULL,NULL,NULL,NULL,NULL),(947,4,NULL,NULL,NULL,NULL,NULL,NULL),(948,4,NULL,NULL,NULL,NULL,NULL,NULL),(949,4,NULL,NULL,NULL,NULL,NULL,NULL),(950,4,NULL,NULL,NULL,NULL,NULL,NULL),(951,4,NULL,NULL,NULL,NULL,NULL,NULL),(952,4,NULL,NULL,NULL,NULL,NULL,NULL),(953,4,NULL,NULL,NULL,NULL,NULL,NULL),(954,4,NULL,NULL,NULL,NULL,NULL,NULL),(955,4,NULL,NULL,NULL,NULL,NULL,NULL),(956,4,NULL,NULL,NULL,NULL,NULL,NULL),(957,4,NULL,NULL,NULL,NULL,NULL,NULL),(958,4,NULL,NULL,NULL,NULL,NULL,NULL),(959,4,NULL,NULL,NULL,NULL,NULL,NULL),(960,4,NULL,NULL,NULL,NULL,NULL,NULL),(961,4,NULL,NULL,NULL,NULL,NULL,NULL),(962,4,NULL,NULL,NULL,NULL,NULL,NULL),(963,4,NULL,NULL,NULL,NULL,NULL,NULL),(964,4,NULL,NULL,NULL,NULL,NULL,NULL),(965,4,NULL,NULL,NULL,NULL,NULL,NULL),(966,4,NULL,NULL,NULL,NULL,NULL,NULL),(967,4,NULL,NULL,NULL,NULL,NULL,NULL),(968,4,NULL,NULL,NULL,NULL,NULL,NULL),(969,4,NULL,NULL,NULL,NULL,NULL,NULL),(970,4,NULL,NULL,NULL,NULL,NULL,NULL),(971,4,NULL,NULL,NULL,NULL,NULL,NULL),(972,4,NULL,NULL,NULL,NULL,NULL,NULL),(973,4,NULL,NULL,NULL,NULL,NULL,NULL),(974,4,NULL,NULL,NULL,NULL,NULL,NULL),(975,4,NULL,NULL,NULL,NULL,NULL,NULL),(976,4,NULL,NULL,NULL,NULL,NULL,NULL),(977,4,NULL,NULL,NULL,NULL,NULL,NULL),(978,4,NULL,NULL,NULL,NULL,NULL,NULL),(979,4,NULL,NULL,NULL,NULL,NULL,NULL),(980,4,NULL,NULL,NULL,NULL,NULL,NULL),(981,4,NULL,NULL,NULL,NULL,NULL,NULL),(982,4,NULL,NULL,NULL,NULL,NULL,NULL),(983,4,NULL,NULL,NULL,NULL,NULL,NULL),(984,4,NULL,NULL,NULL,NULL,NULL,NULL),(985,4,NULL,NULL,NULL,NULL,NULL,NULL),(986,4,NULL,NULL,NULL,NULL,NULL,NULL),(987,4,NULL,NULL,NULL,NULL,NULL,NULL),(988,4,NULL,NULL,NULL,NULL,NULL,NULL),(989,4,NULL,NULL,NULL,NULL,NULL,NULL),(990,4,NULL,NULL,NULL,NULL,NULL,NULL),(991,4,NULL,NULL,NULL,NULL,NULL,NULL),(992,4,NULL,NULL,NULL,NULL,NULL,NULL),(993,4,NULL,NULL,NULL,NULL,NULL,NULL),(994,4,NULL,NULL,NULL,NULL,NULL,NULL),(995,4,NULL,NULL,NULL,NULL,NULL,NULL),(996,4,NULL,NULL,NULL,NULL,NULL,NULL),(997,4,NULL,NULL,NULL,NULL,NULL,NULL),(998,4,NULL,NULL,NULL,NULL,NULL,NULL),(999,4,NULL,NULL,NULL,NULL,NULL,NULL),(1000,4,NULL,NULL,NULL,NULL,NULL,NULL),(1001,4,NULL,NULL,NULL,NULL,NULL,NULL),(1002,4,NULL,NULL,NULL,NULL,NULL,NULL),(1003,4,NULL,NULL,NULL,NULL,NULL,NULL),(1004,4,NULL,NULL,NULL,NULL,NULL,NULL),(1005,4,NULL,NULL,NULL,NULL,NULL,NULL),(1006,4,NULL,NULL,NULL,NULL,NULL,NULL),(1007,4,NULL,NULL,NULL,NULL,NULL,NULL),(1008,4,NULL,NULL,NULL,NULL,NULL,NULL),(1009,4,NULL,NULL,NULL,NULL,NULL,NULL),(1010,4,NULL,NULL,NULL,NULL,NULL,NULL),(1011,4,NULL,NULL,NULL,NULL,NULL,NULL),(1012,4,NULL,NULL,NULL,NULL,NULL,NULL),(1013,4,NULL,NULL,NULL,NULL,NULL,NULL),(1014,4,NULL,NULL,NULL,NULL,NULL,NULL),(1015,4,NULL,NULL,NULL,NULL,NULL,NULL),(1016,4,NULL,NULL,NULL,NULL,NULL,NULL),(1017,4,NULL,NULL,NULL,NULL,NULL,NULL),(1018,5,NULL,NULL,NULL,NULL,NULL,NULL),(1019,5,NULL,NULL,NULL,NULL,NULL,NULL),(1020,5,NULL,NULL,NULL,NULL,NULL,NULL),(1021,5,NULL,NULL,NULL,NULL,NULL,NULL),(1022,5,NULL,NULL,NULL,NULL,NULL,NULL),(1023,5,NULL,NULL,NULL,NULL,NULL,NULL),(1024,5,NULL,NULL,NULL,NULL,NULL,NULL),(1025,5,NULL,NULL,NULL,NULL,NULL,NULL),(1026,5,NULL,NULL,NULL,NULL,NULL,NULL),(1027,5,NULL,NULL,NULL,NULL,NULL,NULL),(1028,5,NULL,NULL,NULL,NULL,NULL,NULL),(1029,5,NULL,NULL,NULL,NULL,NULL,NULL),(1030,5,NULL,NULL,NULL,NULL,NULL,NULL),(1031,5,NULL,NULL,NULL,NULL,NULL,NULL),(1032,5,NULL,NULL,NULL,NULL,NULL,NULL),(1033,5,NULL,NULL,NULL,NULL,NULL,NULL),(1034,5,NULL,NULL,NULL,NULL,NULL,NULL),(1035,5,NULL,NULL,NULL,NULL,NULL,NULL),(1036,5,NULL,NULL,NULL,NULL,NULL,NULL),(1037,5,NULL,NULL,NULL,NULL,NULL,NULL),(1038,5,NULL,NULL,NULL,NULL,NULL,NULL),(1039,5,NULL,NULL,NULL,NULL,NULL,NULL),(1040,5,NULL,NULL,NULL,NULL,NULL,NULL),(1041,5,NULL,NULL,NULL,NULL,NULL,NULL),(1042,5,NULL,NULL,NULL,NULL,NULL,NULL),(1043,5,NULL,NULL,NULL,NULL,NULL,NULL),(1044,5,NULL,NULL,NULL,NULL,NULL,NULL),(1045,5,NULL,NULL,NULL,NULL,NULL,NULL),(1046,5,NULL,NULL,NULL,NULL,NULL,NULL),(1047,5,NULL,NULL,NULL,NULL,NULL,NULL),(1048,5,NULL,NULL,NULL,NULL,NULL,NULL),(1049,5,NULL,NULL,NULL,NULL,NULL,NULL),(1050,5,NULL,NULL,NULL,NULL,NULL,NULL),(1051,5,NULL,NULL,NULL,NULL,NULL,NULL),(1052,5,NULL,NULL,NULL,NULL,NULL,NULL),(1053,5,NULL,NULL,NULL,NULL,NULL,NULL),(1054,5,NULL,NULL,NULL,NULL,NULL,NULL),(1055,5,NULL,NULL,NULL,NULL,NULL,NULL),(1056,5,NULL,NULL,NULL,NULL,NULL,NULL),(1057,5,NULL,NULL,NULL,NULL,NULL,NULL),(1058,5,NULL,NULL,NULL,NULL,NULL,NULL),(1059,5,NULL,NULL,NULL,NULL,NULL,NULL),(1060,5,NULL,NULL,NULL,NULL,NULL,NULL),(1061,5,NULL,NULL,NULL,NULL,NULL,NULL),(1062,5,NULL,NULL,NULL,NULL,NULL,NULL),(1063,5,NULL,NULL,NULL,NULL,NULL,NULL),(1064,5,NULL,NULL,NULL,NULL,NULL,NULL),(1065,5,NULL,NULL,NULL,NULL,NULL,NULL),(1066,5,NULL,NULL,NULL,NULL,NULL,NULL),(1067,5,NULL,NULL,NULL,NULL,NULL,NULL),(1068,5,NULL,NULL,NULL,NULL,NULL,NULL),(1069,5,NULL,NULL,NULL,NULL,NULL,NULL),(1070,5,NULL,NULL,NULL,NULL,NULL,NULL),(1071,5,NULL,NULL,NULL,NULL,NULL,NULL),(1072,5,NULL,NULL,NULL,NULL,NULL,NULL),(1073,5,NULL,NULL,NULL,NULL,NULL,NULL),(1074,5,NULL,NULL,NULL,NULL,NULL,NULL),(1075,5,NULL,NULL,NULL,NULL,NULL,NULL),(1076,5,NULL,NULL,NULL,NULL,NULL,NULL),(1077,5,NULL,NULL,NULL,NULL,NULL,NULL),(1078,5,NULL,NULL,NULL,NULL,NULL,NULL),(1079,5,NULL,NULL,NULL,NULL,NULL,NULL),(1080,5,NULL,NULL,NULL,NULL,NULL,NULL),(1081,5,NULL,NULL,NULL,NULL,NULL,NULL),(1082,5,NULL,NULL,NULL,NULL,NULL,NULL);
/*!40000 ALTER TABLE `subscriber_information` ENABLE KEYS */;
UNLOCK TABLES;

--
-- Table structure for table `subscription_history`
--

DROP TABLE IF EXISTS `subscription_history`;
/*!40101 SET @saved_cs_client     = @@character_set_client */;
/*!40101 SET character_set_client = utf8 */;
CREATE TABLE `subscription_history` (
  `id` bigint(20) NOT NULL AUTO_INCREMENT,
  `insert_date` datetime DEFAULT NULL,
  `update_date` datetime DEFAULT NULL,
  `user_id` bigint(20) DEFAULT NULL,
  `consumption` double DEFAULT NULL,
  `cost_per_kb` double DEFAULT NULL,
  `current_counter` bigint(20) DEFAULT NULL,
  `previous_counter` bigint(20) DEFAULT NULL,
  `subscription_fees` double DEFAULT NULL,
  `transaction` bigint(20) DEFAULT NULL,
  PRIMARY KEY (`id`),
  KEY `FK56j2g26g1fjdwiglmdbj0ha7k` (`transaction`)
) ENGINE=MyISAM DEFAULT CHARSET=utf8;
/*!40101 SET character_set_client = @saved_cs_client */;

--
-- Dumping data for table `subscription_history`
--

LOCK TABLES `subscription_history` WRITE;
/*!40000 ALTER TABLE `subscription_history` DISABLE KEYS */;
/*!40000 ALTER TABLE `subscription_history` ENABLE KEYS */;
UNLOCK TABLES;

--
-- Table structure for table `transaction`
--

DROP TABLE IF EXISTS `transaction`;
/*!40101 SET @saved_cs_client     = @@character_set_client */;
/*!40101 SET character_set_client = utf8 */;
CREATE TABLE `transaction` (
  `id` bigint(20) NOT NULL AUTO_INCREMENT,
  `insert_date` datetime DEFAULT NULL,
  `update_date` datetime DEFAULT NULL,
  `user_id` bigint(20) DEFAULT NULL,
  `amount` double DEFAULT NULL,
  `id_contract` bigint(20) DEFAULT NULL,
  `is_paid` bit(1) DEFAULT NULL,
  `date_paid` datetime DEFAULT NULL,
  `transaction_type` varchar(255) DEFAULT NULL,
  PRIMARY KEY (`id`)
) ENGINE=MyISAM DEFAULT CHARSET=utf8;
/*!40101 SET character_set_client = @saved_cs_client */;

--
-- Dumping data for table `transaction`
--

LOCK TABLES `transaction` WRITE;
/*!40000 ALTER TABLE `transaction` DISABLE KEYS */;
/*!40000 ALTER TABLE `transaction` ENABLE KEYS */;
UNLOCK TABLES;

--
-- Table structure for table `user`
--

DROP TABLE IF EXISTS `user`;
/*!40101 SET @saved_cs_client     = @@character_set_client */;
/*!40101 SET character_set_client = utf8 */;
CREATE TABLE `user` (
  `id` bigint(20) NOT NULL AUTO_INCREMENT,
  `insert_date` datetime DEFAULT NULL,
  `update_date` datetime DEFAULT NULL,
  `user_id` bigint(20) DEFAULT NULL,
  `password` varchar(255) DEFAULT NULL,
  `user_name` varchar(255) DEFAULT NULL,
  PRIMARY KEY (`id`),
  UNIQUE KEY `UK_lqjrcobrh9jc8wpcar64q1bfh` (`user_name`)
) ENGINE=MyISAM AUTO_INCREMENT=2 DEFAULT CHARSET=utf8;
/*!40101 SET character_set_client = @saved_cs_client */;

--
-- Dumping data for table `user`
--

LOCK TABLES `user` WRITE;
/*!40000 ALTER TABLE `user` DISABLE KEYS */;
INSERT INTO `user` VALUES (1,'2018-04-18 01:31:46',NULL,NULL,'1d0258c2440a8d19e716292b231e3190','manager');
/*!40000 ALTER TABLE `user` ENABLE KEYS */;
UNLOCK TABLES;

--
-- Table structure for table `village`
--

DROP TABLE IF EXISTS `village`;
/*!40101 SET @saved_cs_client     = @@character_set_client */;
/*!40101 SET character_set_client = utf8 */;
CREATE TABLE `village` (
  `id` bigint(20) NOT NULL AUTO_INCREMENT,
  `insert_date` datetime DEFAULT NULL,
  `update_date` datetime DEFAULT NULL,
  `user_id` bigint(20) DEFAULT NULL,
  `name` varchar(255) DEFAULT NULL,
  `order_index` int(11) DEFAULT NULL,
  PRIMARY KEY (`id`)
) ENGINE=MyISAM AUTO_INCREMENT=6 DEFAULT CHARSET=utf8;
/*!40101 SET character_set_client = @saved_cs_client */;

--
-- Dumping data for table `village`
--

LOCK TABLES `village` WRITE;
/*!40000 ALTER TABLE `village` DISABLE KEYS */;
INSERT INTO `village` VALUES (1,'2018-04-18 01:35:57','2018-04-18 20:48:02',NULL,'البغلة',1),(2,'2018-04-18 01:36:05','2018-04-18 01:36:05',NULL,'السفيرة الضيعة',2),(3,'2018-04-18 01:36:15','2018-04-18 01:36:15',NULL,'بيت الفقس',3),(4,'2018-04-18 01:36:22','2018-04-18 01:36:22',NULL,'عين التنية',4),(5,'2018-04-18 01:36:34','2018-04-18 01:36:34',NULL,'الحازمية',5);
/*!40000 ALTER TABLE `village` ENABLE KEYS */;
UNLOCK TABLES;
/*!40103 SET TIME_ZONE=@OLD_TIME_ZONE */;

/*!40101 SET SQL_MODE=@OLD_SQL_MODE */;
/*!40014 SET FOREIGN_KEY_CHECKS=@OLD_FOREIGN_KEY_CHECKS */;
/*!40014 SET UNIQUE_CHECKS=@OLD_UNIQUE_CHECKS */;
/*!40101 SET CHARACTER_SET_CLIENT=@OLD_CHARACTER_SET_CLIENT */;
/*!40101 SET CHARACTER_SET_RESULTS=@OLD_CHARACTER_SET_RESULTS */;
/*!40101 SET COLLATION_CONNECTION=@OLD_COLLATION_CONNECTION */;
/*!40111 SET SQL_NOTES=@OLD_SQL_NOTES */;

-- Dump completed on 2018-04-18 22:29:58
